-- phpMyAdmin SQL Dump
-- version 4.9.5
-- https://www.phpmyadmin.net/
--
-- Host: localhost:3306
-- Generation Time: Jan 26, 2021 at 11:02 AM
-- Server version: 10.2.36-MariaDB-cll-lve
-- PHP Version: 7.3.6

SET SQL_MODE = "NO_AUTO_VALUE_ON_ZERO";
SET AUTOCOMMIT = 0;
START TRANSACTION;
SET time_zone = "+00:00";


/*!40101 SET @OLD_CHARACTER_SET_CLIENT=@@CHARACTER_SET_CLIENT */;
/*!40101 SET @OLD_CHARACTER_SET_RESULTS=@@CHARACTER_SET_RESULTS */;
/*!40101 SET @OLD_COLLATION_CONNECTION=@@COLLATION_CONNECTION */;
/*!40101 SET NAMES utf8mb4 */;

--
-- Database: `kprc2695_pemira`
--

-- --------------------------------------------------------

--
-- Table structure for table `dokumen_dpm`
--

CREATE TABLE `dokumen_dpm` (
  `id_dokumen_dpm` int(11) NOT NULL,
  `id_organisasi` int(11) NOT NULL,
  `foto` varchar(255) DEFAULT NULL,
  `nim` varchar(15) NOT NULL,
  `nama` varchar(50) NOT NULL,
  `email` varchar(50) NOT NULL,
  `visi` text DEFAULT NULL,
  `misi` text DEFAULT NULL,
  `program` text DEFAULT NULL,
  `surat_mahasiswaaktif` varchar(255) NOT NULL,
  `surat_hasilstudi` varchar(255) NOT NULL,
  `surat_mentoring` varchar(255) NOT NULL,
  `surat_cutiorganisasi` varchar(255) NOT NULL,
  `surat_kepanitiaan1` varchar(255) NOT NULL,
  `surat_kepanitiaan2` varchar(255) NOT NULL,
  `surat_kepanitiaan3` varchar(255) NOT NULL,
  `surat_kepanitiaan4` varchar(255) NOT NULL,
  `surat_kepanitiaan5` varchar(255) NOT NULL,
  `visi_misi_program` varchar(255) NOT NULL,
  `surat_dukungan` varchar(255) NOT NULL,
  `sk` varchar(255) NOT NULL
) ENGINE=InnoDB DEFAULT CHARSET=latin1;

--
-- Dumping data for table `dokumen_dpm`
--

INSERT INTO `dokumen_dpm` (`id_dokumen_dpm`, `id_organisasi`, `foto`, `nim`, `nama`, `email`, `visi`, `misi`, `program`, `surat_mahasiswaaktif`, `surat_hasilstudi`, `surat_mentoring`, `surat_cutiorganisasi`, `surat_kepanitiaan1`, `surat_kepanitiaan2`, `surat_kepanitiaan3`, `surat_kepanitiaan4`, `surat_kepanitiaan5`, `visi_misi_program`, `surat_dukungan`, `sk`) VALUES
(2, 1, 'foto.jpg', '0110218061', 'Abidun Alim', 'abidunalim27@gmail.com', 'Menjadikan Dewan  Perwakilan Mahasiswa STT NF sebagai organisasi yang Harmonis, Transparan,  Responsif', '<ol> <li>Membangun harmonisasi kekeluargaan dan kesolidan internal DPM IM STT-NF</li> <li>Menjalankan aksi cepat tanggap terhadap segala aspek yang berkaitan dengan mahasiswa STT NF</li> <li>Meningkatkan koordinasi antar LFK di STT NF</li> <li>Memperkuat landasan hukum IM STT NF</li> </ol>', '<ol> <li><b>Keluarga DPM</b><br>Merupakan wadah untuk internal DPM itu sendiri sebagai tempat memperkuat tali persaudaraan antar sesama anggota DPM IM STT-NF.</li> \r\n<li><b>DPM untuk semua</b><br>Merupakan  sarana  untuk mempublikasikan wacana kegiatan  dan Press Release, serta informasi terkait yang dianggap perlu untuk kebutuhan mahasiswa. Kegiatan ini fokus pada maksimalisasi informasi dengan menggunakan media cetak, media elektronik, serta media sosial lainnya.</li> </ol>', '002 - Abidun Alim.pdf', 'Transkrip Abidun Alim.pdf', 'surat keaktifan mentoring.pdf', '053_Surat Cuti Abidun.pdf', 'Sertifikat Pemira 2020.pdf', '', '', '', '', 'Grand Desaign DPM-Abidun Alim.pdf', 'Surat Dukungan Mahasiswa.docx', ''),
(3, 1, 'foto.jpg', '0110118040', 'Miftahussa\'adah Putri Siddiq', 'miftaps.12@gmail.com', 'TERWUJUDNYA DEWAN PERWAKILAN MAHASISWA STT NF SEBAGAI ORGANISASI YANG ADAPTIF DAN MEMILIKI SIKAP ASERTIF, SERTA MAMPU MENJADI RUANG KOMUNIKATIF BAGI LFK STT NF', '<ol> <li>MEMBANGUN LINKUNGAN INTERNAL YANG SOLID DAN APRESIATIF GUNA MENINGKATKAN VALUE DARI SUMBER DAYA ORGANISASI</li> <li>MENGHADIRKAN KELUGASAN SEKALIGUS KETEGASAN DALAM MENJALANKAN FUNGSI ORGANISASI</li> <li>MENYEDIAKAN WADAH KEAKRABAN SEBAGAI BENTUK KOLABORASI DARI LFK STT NF</li> </ol>', '<ol> <li><b>INSIGHT (Intelligent , solid, sight)</b><br>Program INSIGHT ini bertujuan sebagai sosialisasi dan pencerdasan kepada anggota internal DPM IM STT NF dalam memahami AD/ART serta produk hukum lainnya, dan juga sebagai sarana mempererat kesolidan antar anggota internal DPM IM STT NF. Dimana bentuk kegiatannya adalah melakukan review tuntas dari AD/ART dan produk hukum lainnya oleh seluruh anggota DPM IM STT NF.</li> \r\n<li><b>KUNJUNG DPM</b><br>Program Kunjung DPM ini memiliki tujuan kegiatan untuk meningkatkan komunikasi, dan koordinasi, serta sharing knowledge dengan aktor-aktor di luar DPM. Dimana ada 3 sub program dalam Kunjung DPM ini :\r\n<ul>\r\n<li>Kunjung DPM bersama pengurus inti dari LFK STT NF yang lain, baik itu BEM maupun Senada minimal ketua/perwakilannya. Tujuannya  mengetahui update kabar terbaru yang sedang dialami oleh masing-masing LFK STT NF.</li>\r\n<li>Kunjung DPM bersama kemahasiswaan, dengan tujuan untuk mengetahui update kabar terbaru dari kemahasiswaan mengenai agenda maupun perencanaan lain yang sedang disusun oleh kemahasiswaan terhadap civitas akademika STT NF.</li>\r\n<liKunjung DPM bersama perwakilan DPM dari Perguruan Tinggi lain, dengan tujuan untuk saling berbagi wawasan dan pengetahuan mengenai kondisi maupun strategi yang dilakukan di internal DPM masing-masing kampus.<br><br>Dari ketiga sub program yang diajukan memiliki persamaan dalam bentuk kegiatannya, yakni berupa diskusi ringan.</li>\r\n</ul>\r\n</li> \r\n</ol>', 'Surat Keterangan Mahasiswa Aktif_Miftahussa’adah Putri Siddiq.pdf', 'Transkrip_Miftahussa\'adah Putri Siddiq.pdf', 'Surat Ket. Aktif Mentoring_Miftahussa\'adah Putri Siddiq.pdf', 'Surat Cuti_Miftahussa\'adah Putri Siddiq.pdf', 'Sertif_ASTRO_Miftahussa\'adah Putri Siddiq.pdf', 'Sertif_PEMIRA_Miftahussa\'adah Putri Siddiq.pdf', 'Sertif_Diesnatalis_Miftahussa\'adah Putri Siddiq.pdf', 'Sertif_ORMIK_Miftahussa\'adah Putri Siddiq.pdf', '', 'GD_Miftahussa\'adah PS..pdf', 'Surat Dukungan Mahasiswa_Miftahussa\'adah Putri Siddiq.pdf', '');

-- --------------------------------------------------------

--
-- Table structure for table `dokumen_presma`
--

CREATE TABLE `dokumen_presma` (
  `id_dokumen_presma` int(11) NOT NULL,
  `id_organisasi` int(11) NOT NULL,
  `ketua_nim` varchar(50) NOT NULL,
  `ketua_nama` varchar(50) NOT NULL,
  `ketua_email` varchar(50) NOT NULL,
  `ketua_no_telp` varchar(15) NOT NULL,
  `wakil_nim` varchar(50) NOT NULL,
  `wakil_nama` varchar(50) NOT NULL,
  `wakil_email` varchar(50) NOT NULL,
  `wakil_no_telp` varchar(15) NOT NULL,
  `ketua_surat_mahasiswaaktif` varchar(255) DEFAULT NULL,
  `ketua_surat_hasilstudi` varchar(255) DEFAULT NULL,
  `ketua_surat_mentoring` varchar(255) DEFAULT NULL,
  `ketua_surat_cutiorganisasi` varchar(255) DEFAULT NULL,
  `ketua_surat_kepanitiaan1` varchar(255) DEFAULT NULL,
  `ketua_surat_kepanitiaan2` varchar(255) DEFAULT NULL,
  `ketua_surat_kepanitiaan3` varchar(255) DEFAULT NULL,
  `ketua_surat_kepanitiaan4` varchar(255) DEFAULT NULL,
  `ketua_surat_kepanitiaan5` varchar(255) DEFAULT NULL,
  `ketua_visi_misi_program` varchar(255) DEFAULT NULL,
  `ketua_surat_dukungan` varchar(255) DEFAULT NULL,
  `wakil_surat_mahasiswaaktif` varchar(255) DEFAULT NULL,
  `wakil_surat_hasilstudi` varchar(255) DEFAULT NULL,
  `wakil_surat_mentoring` varchar(255) DEFAULT NULL,
  `wakil_surat_cutiorganisasi` varchar(255) DEFAULT NULL,
  `wakil_surat_kepanitiaan1` varchar(255) DEFAULT NULL,
  `wakil_surat_kepanitiaan2` varchar(255) DEFAULT NULL,
  `wakil_surat_kepanitiaan3` varchar(255) DEFAULT NULL,
  `wakil_surat_kepanitiaan4` varchar(255) DEFAULT NULL,
  `wakil_surat_kepanitiaan5` varchar(255) DEFAULT NULL,
  `wakil_visi_misi_program` varchar(255) DEFAULT NULL,
  `wakil_surat_dukungan` varchar(255) DEFAULT NULL
) ENGINE=InnoDB DEFAULT CHARSET=latin1;

-- --------------------------------------------------------

--
-- Table structure for table `kandidat`
--

CREATE TABLE `kandidat` (
  `id_kandidat` int(11) NOT NULL,
  `foto` varchar(255) NOT NULL,
  `nama` varchar(75) NOT NULL,
  `visi` text NOT NULL,
  `misi` text NOT NULL,
  `program` text NOT NULL
) ENGINE=InnoDB DEFAULT CHARSET=latin1;

-- --------------------------------------------------------

--
-- Table structure for table `level`
--

CREATE TABLE `level` (
  `id_level` int(11) NOT NULL,
  `level` varchar(25) NOT NULL
) ENGINE=InnoDB DEFAULT CHARSET=latin1;

--
-- Dumping data for table `level`
--

INSERT INTO `level` (`id_level`, `level`) VALUES
(1, 'ADMIN'),
(2, 'PESERTA'),
(3, 'PEMILIH'),
(4, 'KANDIDAT DPM');

-- --------------------------------------------------------

--
-- Table structure for table `organisasi`
--

CREATE TABLE `organisasi` (
  `id_organisasi` int(11) NOT NULL,
  `nama_organisasi` varchar(75) NOT NULL,
  `logo` varchar(255) NOT NULL
) ENGINE=InnoDB DEFAULT CHARSET=latin1;

--
-- Dumping data for table `organisasi`
--

INSERT INTO `organisasi` (`id_organisasi`, `nama_organisasi`, `logo`) VALUES
(1, 'DPM', 'https://pemira-sttnf.veteran20.com/assets/images/bem.png'),
(2, 'PRESMA', 'https://mukhamadagus.files.wordpress.com/2015/02/10846419_549268038544186_7375930286760359862_n.png'),
(3, 'SENADA', '');

-- --------------------------------------------------------

--
-- Table structure for table `pemilih`
--

CREATE TABLE `pemilih` (
  `id` int(11) NOT NULL,
  `id_level` int(11) NOT NULL,
  `foto` varchar(255) DEFAULT NULL,
  `nama` varchar(50) NOT NULL,
  `nim` varchar(15) NOT NULL,
  `no_telp` varchar(15) DEFAULT NULL,
  `email` varchar(80) DEFAULT NULL,
  `sandi` varchar(100) DEFAULT NULL,
  `status` int(2) NOT NULL
) ENGINE=InnoDB DEFAULT CHARSET=latin1;

--
-- Dumping data for table `pemilih`
--

INSERT INTO `pemilih` (`id`, `id_level`, `foto`, `nama`, `nim`, `no_telp`, `email`, `sandi`, `status`) VALUES
(1, 1, NULL, 'ADMIN KPR', '0111', NULL, NULL, 'a174e6536aee3ac81ec370662b7a5bf5c94753c1', 1),
(2, 3, NULL, 'Framadila Muhammad', '0110214010', NULL, 'fram14010ti@student.nurulfikri.ac.id', NULL, 0),
(3, 3, NULL, 'Fikry Muddhirulhaq', '0110214015', NULL, 'fikr14015ti@student.nurulfikri.ac.id', NULL, 0),
(4, 3, NULL, 'Raden Jodi Fajar Prakoso', '0110214038', NULL, 'rade14038ti@student.nurulfikri.ac.id', NULL, 0),
(5, 3, NULL, 'Muhammad Rosul', '0110215008', NULL, 'muha15008ti@student.nurulfikri.ac.id', NULL, 0),
(6, 3, NULL, 'Mohamad Arif Hidayattollah', '0110215016', NULL, 'moha15016ti@student.nurulfikri.ac.id', NULL, 0),
(7, 3, NULL, 'Yanuar Ramadhan', '0110215030', NULL, 'yanu15030ti@student.nurulfikri.ac.id', NULL, 0),
(8, 3, NULL, 'Fahmi Hafizul Haq', '0110216003', NULL, 'fahm16003ti@student.nurulfikri.ac.id', NULL, 0),
(9, 3, NULL, 'Abu Kamid', '0110216004', NULL, 'abuk16004ti@student.nurulfikri.ac.id', NULL, 0),
(10, 3, NULL, 'Firhan Yulianto', '0110216009', NULL, 'firh16009ti@student.nurulfikri.ac.id', NULL, 0),
(11, 3, NULL, 'Wahab Rahmanto', '0110216017', NULL, 'waha16017ti@student.nurulfikri.ac.id', NULL, 0),
(12, 3, NULL, 'Muhammad Alwi Mahfud', '0110216018', NULL, 'muha16018ti@student.nurulfikri.ac.id', NULL, 0),
(13, 3, NULL, 'Adittya Wicaksono', '0110216022', NULL, 'adit16022ti@student.nurulfikri.ac.id', NULL, 0),
(14, 3, NULL, 'Arius Wanimbo', '0110216030', NULL, 'ariu16030ti@student.nurulfikri.ac.id', NULL, 0),
(15, 3, NULL, 'Satria Suryanegara', '0110216031', NULL, 'satr16031ti@student.nurulfikri.ac.id', NULL, 0),
(16, 3, NULL, 'Mohammad Akmaluddin Novianto', '0110216035', NULL, 'moha16035ti@student.nurulfikri.ac.id', NULL, 0),
(17, 3, NULL, 'Arfian Mulya Pasha', '0110216044', NULL, 'arfi16044ti@student.nurulfikri.ac.id', NULL, 0),
(18, 3, NULL, 'Arif Ariyanto', '0110216046', NULL, 'arif16046ti@student.nurulfikri.ac.id', NULL, 0),
(19, 3, NULL, 'Isham Dienurrahman', '0110216048', NULL, 'isha16048ti@student.nurulfikri.ac.id', NULL, 0),
(20, 3, NULL, 'Teguh Oktario Samudera', '0110216054', NULL, 'tegu16054ti@student.nurulfikri.ac.id', NULL, 0),
(21, 3, NULL, 'Faiz Khoiron', '0110216056', NULL, 'faiz16056ti@student.nurulfikri.ac.id', NULL, 0),
(22, 3, NULL, 'Iqbal Ajie Wahyudin', '0110216057', NULL, 'iqba16057ti@student.nurulfikri.ac.id', NULL, 0),
(23, 3, NULL, 'Umair', '0110216061', NULL, 'umai16061ti@student.nurulfikri.ac.id', NULL, 0),
(24, 3, NULL, 'Haya Rasikhah', '0110216065', NULL, 'haya16065ti@student.nurulfikri.ac.id', NULL, 0),
(25, 3, NULL, 'Akhmad Arip', '0110216074', NULL, 'akhm16074ti@student.nurulfikri.ac.id', NULL, 0),
(26, 3, NULL, 'Rakha Diasry', '0110216075', NULL, 'rakh16075ti@student.nurulfikri.ac.id', NULL, 0),
(27, 3, NULL, 'Faisal Rahmat', '0110217001', NULL, 'fais17001ti@student.nurulfikri.ac.id', NULL, 0),
(28, 3, NULL, 'Fariz', '0110217003', NULL, 'fari17003ti@student.nurulfikri.ac.id', NULL, 0),
(29, 3, NULL, 'Sahrul Rizal', '0110217004', NULL, 'sahr17004ti@student.nurulfikri.ac.id', NULL, 0),
(30, 3, NULL, 'Miftahul Huda', '0110217005', NULL, 'mift17005ti@student.nurulfikri.ac.id', NULL, 0),
(31, 3, NULL, 'Subekti Tyas Rahayu', '0110217006', NULL, 'sube17006ti@student.nurulfikri.ac.id', NULL, 0),
(32, 3, NULL, 'Faisal Ayash Fikrian', '0110217009', NULL, 'fais17009ti@student.nurulfikri.ac.id', NULL, 0),
(33, 3, NULL, 'Andri Darma Permana', '0110217010', NULL, 'andr17010ti@student.nurulfikri.ac.id', NULL, 0),
(34, 3, NULL, 'Ali Imran', '0110217012', NULL, 'alii17012ti@student.nurulfikri.ac.id', NULL, 0),
(35, 3, NULL, 'Fathiyah', '0110217013', NULL, 'fath17013ti@student.nurulfikri.ac.id', NULL, 0),
(36, 3, NULL, 'Mila Widya Nurita', '0110217014', NULL, 'mila17014ti@student.nurulfikri.ac.id', NULL, 0),
(37, 3, NULL, 'Mochamad Wisnu Nugroho', '0110217015', NULL, 'moch17015ti@student.nurulfikri.ac.id', NULL, 0),
(38, 3, NULL, 'Mohammad Rafi Shiddiq', '0110217016', NULL, 'moha17016ti@student.nurulfikri.ac.id', NULL, 0),
(39, 3, NULL, 'Muhammad Adil Nashrul Haq', '0110217018', NULL, 'muha17018ti@student.nurulfikri.ac.id', NULL, 0),
(40, 3, NULL, 'Ahmad Mairat', '0110217021', NULL, 'ahma17021ti@student.nurulfikri.ac.id', NULL, 0),
(41, 3, NULL, 'Triyas Tono', '0110217022', NULL, 'triy17022ti@student.nurulfikri.ac.id', NULL, 0),
(42, 3, NULL, 'Farhan Budiman', '0110217023', NULL, 'farh17023ti@student.nurulfikri.ac.id', NULL, 0),
(43, 3, NULL, 'Syafitri Adjizah', '0110217024', NULL, 'syaf17024ti@student.nurulfikri.ac.id', NULL, 0),
(44, 3, NULL, 'Muhammad Ilham', '0110217025', NULL, 'muha17025ti@student.nurulfikri.ac.id', NULL, 0),
(45, 3, NULL, 'Everett Dean Yusuf', '0110217026', NULL, 'ever17026ti@student.nurulfikri.ac.id', NULL, 0),
(46, 3, NULL, 'Muhammad Azhar Rasyad', '0110217029', NULL, 'muha17029ti@student.nurulfikri.ac.id', NULL, 0),
(47, 3, NULL, 'Muhammad Fazri', '0110217030', NULL, 'muha17030ti@student.nurulfikri.ac.id', NULL, 0),
(48, 3, NULL, 'Rizki Ramadhani', '0110217032', NULL, 'rizk17032ti@student.nurulfikri.ac.id', NULL, 0),
(49, 3, NULL, 'Ihsanul Fikri Abiyyu', '0110217034', NULL, 'ihsa17034ti@student.nurulfikri.ac.id', NULL, 0),
(50, 3, NULL, 'Annisa Rinjani Putri', '0110217035', NULL, 'anni17035ti@student.nurulfikri.ac.id', NULL, 0),
(51, 3, NULL, 'Shidqi Anshori Robbani', '0110217036', NULL, 'shid17036ti@student.nurulfikri.ac.id', NULL, 0),
(52, 3, NULL, 'Auzan Assidqi', '0110217037', NULL, 'auza17037ti@student.nurulfikri.ac.id', NULL, 0),
(53, 3, NULL, 'Atrisa Endya Nur Hidayah', '0110217038', NULL, 'atri17038ti@student.nurulfikri.ac.id', NULL, 0),
(54, 3, NULL, 'Herlina', '0110217039', NULL, 'herl17039ti@student.nurulfikri.ac.id', NULL, 0),
(55, 3, NULL, 'Raihan Sabiq Rabbani', '0110217040', NULL, 'raih17040ti@student.nurulfikri.ac.id', NULL, 0),
(56, 3, NULL, 'Muhammad Yazid Supriadi', '0110217042', NULL, 'muha17042ti@student.nurulfikri.ac.id', NULL, 0),
(57, 3, NULL, 'Muhammad Akbar', '0110217045', NULL, 'muha17045ti@student.nurulfikri.ac.id', NULL, 0),
(58, 3, NULL, 'Vivi Rahmawati', '0110217046', NULL, 'vivi17046ti@student.nurulfikri.ac.id', NULL, 0),
(59, 3, NULL, 'Fachrur Rozzy Dirza', '0110217048', NULL, 'fach17048ti@student.nurulfikri.ac.id', NULL, 0),
(60, 3, NULL, 'Chairil Hilman Syah', '0110217054', NULL, 'chai17054ti@student.nurulfikri.ac.id', NULL, 0),
(61, 3, NULL, 'Ahmad Fathan Syakir', '0110217055', NULL, 'ahma17055ti@student.nurulfikri.ac.id', NULL, 0),
(62, 3, NULL, 'Faradila Zazkia Nabillah', '0110217056', NULL, 'fara17056ti@student.nurulfikri.ac.id', NULL, 0),
(63, 3, NULL, 'Nopiansyah', '0110217059', NULL, 'nopi17059ti@student.nurulfikri.ac.id', NULL, 0),
(64, 3, NULL, 'Ridwan Subula Salam', '0110217063', NULL, 'ridw17063ti@student.nurulfikri.ac.id', NULL, 0),
(65, 3, NULL, 'Faisal Fitri', '0110217064', NULL, 'fais17064ti@student.nurulfikri.ac.id', NULL, 0),
(66, 3, NULL, 'Ashim Abdul Halim', '0110217067', NULL, 'ashi17067ti@student.nurulfikri.ac.id', NULL, 0),
(67, 3, NULL, 'Ardith Lutfiawan', '0110217068', NULL, 'ardi17068ti@student.nurulfikri.ac.id', NULL, 0),
(68, 3, NULL, 'Huda Izzatul Haq', '0110217069', NULL, 'huda17069ti@student.nurulfikri.ac.id', NULL, 0),
(69, 3, NULL, 'Nabilah Fajar Utami', '0110217070', NULL, 'nabi17070ti@student.nurulfikri.ac.id', NULL, 0),
(70, 3, NULL, 'Fatkhurrahman Jundi Binauf', '0110217071', NULL, 'fatk17071ti@student.nurulfikri.ac.id', NULL, 0),
(71, 3, NULL, 'Maulana Ahmad Fatahillah', '0110217074', NULL, 'maul17074ti@student.nurulfikri.ac.id', NULL, 0),
(72, 3, NULL, 'Miqdad Abdul Malik', '0110217075', NULL, 'miqd17075ti@student.nurulfikri.ac.id', NULL, 0),
(73, 3, NULL, 'M. Sarifudin', '0110217077', NULL, 'msar17077ti@student.nurulfikri.ac.id', NULL, 0),
(74, 3, NULL, 'Hauzani Dhianulwansyah Setiawan', '0110217084', NULL, 'hauz17084ti@student.nurulfikri.ac.id', NULL, 0),
(75, 3, NULL, 'Hera Karmila', '0110217085', NULL, 'hera17085ti@student.nurulfikri.ac.id', NULL, 0),
(76, 3, NULL, 'Mujib Ahmad', '0110217086', NULL, 'muji17086ti@student.nurulfikri.ac.id', NULL, 0),
(77, 3, NULL, 'Aditya Fitriadi', '0110217087', NULL, 'adit17087ti@student.nurulfikri.ac.id', NULL, 0),
(78, 3, NULL, 'Ade Mirani', '0110217091', NULL, 'adem17091ti@student.nurulfikri.ac.id', NULL, 0),
(79, 3, NULL, 'Moch Hafied Fajar Najiyulloh', '0110217095', NULL, 'moch17095ti@student.nurulfikri.ac.id', NULL, 0),
(80, 3, NULL, 'Muhammad Rizki Herfian', '0110217103', NULL, 'muha17103ti@student.nurulfikri.ac.id', NULL, 0),
(81, 3, NULL, 'Indra Ardianto', '0110217106', NULL, 'indr17106ti@student.nurulfikri.ac.id', NULL, 0),
(82, 3, NULL, 'ADELLA NURRINJANI', '0110218001', NULL, 'adel18001ti@student.nurulfikri.ac.id', NULL, 0),
(83, 3, NULL, 'AL-ABDUL GANI', '0110218002', NULL, 'alab18002ti@student.nurulfikri.ac.id', NULL, 0),
(84, 3, NULL, 'ARISANDI', '0110218006', NULL, 'aris18006ti@student.nurulfikri.ac.id', NULL, 0),
(85, 3, NULL, 'ZULKIFLI JUFRI', '0110218007', NULL, 'zulk18007ti@student.nurulfikri.ac.id', NULL, 0),
(86, 3, NULL, 'AL FAJRI', '0110218008', NULL, 'alfa18008ti@student.nurulfikri.ac.id', NULL, 0),
(87, 3, NULL, 'ASWAR', '0110218009', NULL, 'aswa18009ti@student.nurulfikri.ac.id', NULL, 0),
(88, 3, NULL, 'IKHSAN NUR', '0110218013', NULL, 'ikhs18013ti@student.nurulfikri.ac.id', NULL, 0),
(89, 3, NULL, 'AHMAD BADRUL ULUM', '0110218017', NULL, 'ahma18017ti@student.nurulfikri.ac.id', NULL, 0),
(90, 3, NULL, 'MOHAMMAD ALIF MUKHLISH INSANI', '0110218019', NULL, 'moha18019ti@student.nurulfikri.ac.id', NULL, 0),
(91, 3, NULL, 'MUHAMAD RIFQI MANARUL HIDAYAH', '0110218021', NULL, 'muha18021ti@student.nurulfikri.ac.id', NULL, 0),
(92, 3, NULL, 'MUHAMMAD FIKRI', '0110218022', NULL, 'muha18022ti@student.nurulfikri.ac.id', NULL, 0),
(93, 3, NULL, 'EFRIZAL', '0110218024', NULL, 'efri18024ti@student.nurulfikri.ac.id', NULL, 0),
(94, 3, NULL, 'MOHAMAD RIZKI HANIF', '0110218025', NULL, 'moha18025ti@student.nurulfikri.ac.id', NULL, 0),
(95, 3, NULL, 'TUBAGUS MUHAMMAD BILLAL ZAKKY SURYA', '0110218026', NULL, 'tuba18026ti@student.nurulfikri.ac.id', NULL, 0),
(96, 3, NULL, 'MUHAMMAD SYAFE\'I', '0110218029', NULL, 'muha18029ti@student.nurulfikri.ac.id', NULL, 0),
(97, 3, NULL, 'ISMAIL RAJI RIDHA', '0110218030', NULL, 'isma18030ti@student.nurulfikri.ac.id', NULL, 0),
(98, 3, NULL, 'RAHMATUL ZAKIA', '0110218031', NULL, 'rahm18031ti@student.nurulfikri.ac.id', NULL, 0),
(99, 3, NULL, 'MUTIYA ADIFA NURILMI', '0110218034', NULL, 'muti18034ti@student.nurulfikri.ac.id', NULL, 0),
(100, 3, NULL, 'FERDI JULIANSYAH', '0110218035', NULL, 'ferd18035ti@student.nurulfikri.ac.id', NULL, 0),
(101, 3, NULL, 'ANDIKA YUSUF', '0110218036', NULL, 'andi18036ti@student.nurulfikri.ac.id', NULL, 0),
(102, 3, NULL, 'DIMAS BAGUS SETYAWAN', '0110218038', NULL, 'dima18038ti@student.nurulfikri.ac.id', NULL, 0),
(103, 3, NULL, 'FIRMAN PERMANA', '0110218040', NULL, 'firm18040ti@student.nurulfikri.ac.id', NULL, 0),
(104, 3, NULL, 'INDRIA SANI MUSLIMAH', '0110218041', NULL, 'indr18041ti@student.nurulfikri.ac.id', NULL, 0),
(105, 3, NULL, 'FAUZAN ALDI ALFIANTO', '0110218042', NULL, 'fauz18042ti@student.nurulfikri.ac.id', NULL, 0),
(106, 3, NULL, 'ANELKA LAZUARDI', '0110218043', NULL, 'anel18043ti@student.nurulfikri.ac.id', NULL, 0),
(107, 3, NULL, 'RIDWANSYAH', '0110218044', NULL, 'ridw18044ti@student.nurulfikri.ac.id', NULL, 0),
(108, 3, NULL, 'LILIK TRIYAWAN', '0110218048', NULL, 'lili18048ti@student.nurulfikri.ac.id', NULL, 0),
(109, 3, NULL, 'MUHAMMAD ARDIANSYAH', '0110218049', NULL, 'muha18049ti@student.nurulfikri.ac.id', NULL, 0),
(110, 3, NULL, 'MUHAMMAD SIDIK', '0110218050', NULL, 'muha18050ti@student.nurulfikri.ac.id', NULL, 0),
(111, 3, NULL, 'AMIN MA\'RUF', '0110218051', NULL, 'amin18051ti@student.nurulfikri.ac.id', NULL, 0),
(112, 3, NULL, 'MUHAMMAD GHILMAN FIRDAUS', '0110218053', NULL, 'muha18053ti@student.nurulfikri.ac.id', NULL, 0),
(113, 3, NULL, 'MUHAMMAD RIFQI', '0110218055', NULL, 'muha18055ti@student.nurulfikri.ac.id', NULL, 0),
(114, 3, NULL, 'ACHMAD FIKRI ABDILLAH', '0110218057', NULL, 'achm18057ti@student.nurulfikri.ac.id', NULL, 0),
(115, 3, NULL, 'JUSTIS AULIA PRATOMO', '0110218058', NULL, 'just18058ti@student.nurulfikri.ac.id', NULL, 0),
(116, 4, 'foto.jpg', 'ABIDUN ALIM', '0110218061', NULL, 'abid18061ti@student.nurulfikri.ac.id', 'c37f8377c124fc4cad727e3fc46b738f73682f6c', 1),
(117, 3, NULL, 'ANDY CHRISMAN SIANTURI', '0110218063', NULL, 'andy18063ti@student.nurulfikri.ac.id', NULL, 0),
(118, 3, NULL, 'BAYU PRATAMA', '0110218064', NULL, 'bayu18064ti@student.nurulfikri.ac.id', NULL, 0),
(119, 3, NULL, 'ALI REZA', '0110218065', NULL, 'alir18065ti@student.nurulfikri.ac.id', NULL, 0),
(120, 3, NULL, 'ABDUL FATHONI FAUZI', '0110218066', NULL, 'abdu18066ti@student.nurulfikri.ac.id', NULL, 0),
(121, 3, NULL, 'MUHAMMAD SEPTIAN KHADAFI', '0110218067', NULL, 'muha18067ti@student.nurulfikri.ac.id', NULL, 0),
(122, 3, NULL, 'MUHAMAD FAKHRI KUNCORO MUKTI', '0110218068', NULL, 'muha18068ti@student.nurulfikri.ac.id', NULL, 0),
(123, 3, NULL, 'RAMADHAN FADHILAH AKHBAR', '0110218074', NULL, 'rama18074ti@student.nurulfikri.ac.id', NULL, 0),
(124, 3, NULL, 'ALIF ZIDAN RAIHAN', '0110218075', NULL, 'alif18075ti@student.nurulfikri.ac.id', NULL, 0),
(125, 3, NULL, 'MUH. AHSANAL HUDA', '0110218076', NULL, 'muha18076ti@student.nurulfikri.ac.id', NULL, 0),
(126, 3, NULL, 'RAFIAN NUR IHSAN', '0110218078', NULL, 'rafi18078ti@student.nurulfikri.ac.id', NULL, 0),
(127, 3, NULL, 'IHZA ZAIDAN AFTHAR', '0110218079', NULL, 'ihza18079ti@student.nurulfikri.ac.id', NULL, 0),
(128, 3, NULL, 'TEGAR BUDI SANTOSO', '0110218080', NULL, 'tega18080ti@student.nurulfikri.ac.id', NULL, 0),
(129, 3, NULL, 'ANGGI YUDHA PRATAMA', '0110218081', NULL, 'angg18081ti@student.nurulfikri.ac.id', NULL, 0),
(130, 3, NULL, 'MOCHAMMAD RIZKY MAHESA', '0110218083', NULL, 'moch18083ti@student.nurulfikri.ac.id', NULL, 0),
(131, 3, NULL, 'EKO DEPA NUGRAHA', '0110218087', NULL, 'ekod18087ti@student.nurulfikri.ac.id', NULL, 0),
(132, 3, NULL, 'PRIAMBUDI EKA BAYU WIBOWO', '0110218089', NULL, 'pria18089ti@student.nurulfikri.ac.id', NULL, 0),
(133, 3, NULL, 'FAUZAN NUGRAHA DAULAY', '0110218090', NULL, 'fauz18090ti@student.nurulfikri.ac.id', NULL, 0),
(134, 3, NULL, 'ABDILLAH SAGIF', '0110218091', NULL, 'abdi18091ti@student.nurulfikri.ac.id', NULL, 0),
(135, 3, NULL, 'MUHAMAD AFDHAL', '0110218093', NULL, 'muha18093ti@student.nurulfikri.ac.id', NULL, 0),
(136, 3, NULL, 'IZZUDDIN HANAN HAWARI', '0110218095', NULL, 'izzu18095ti@student.nurulfikri.ac.id', NULL, 0),
(137, 3, NULL, 'SYAHRAH DIHANI', '0110218098', NULL, 'syah18098ti@student.nurulfikri.ac.id', NULL, 0),
(138, 3, NULL, 'ANDRIANA DWI HASTANTO', '0110218099', NULL, 'andr18099ti@student.nurulfikri.ac.id', NULL, 0),
(139, 3, NULL, 'USAMAH', '0110218101', NULL, 'usam18101ti@student.nurulfikri.ac.id', NULL, 0),
(140, 3, NULL, 'ALWAN ALAWI', '0110218104', NULL, 'alwa18104ti@student.nurulfikri.ac.id', NULL, 0),
(141, 3, NULL, 'MUHAMMAD MIPTAHUL FALAH', '0110218105', NULL, 'muha18105ti@student.nurulfikri.ac.id', NULL, 0),
(142, 3, NULL, 'SELLA RABILA MAUDI', '0110218109', NULL, 'sell18109ti@student.nurulfikri.ac.id', NULL, 0),
(143, 3, NULL, 'HABIB NUR FATHAN', '0110218110', NULL, 'habi18110ti@student.nurulfikri.ac.id', NULL, 0),
(144, 3, NULL, 'CORONA MUHAMMAD IQBAL', '0110218111', NULL, 'coro18111ti@student.nurulfikri.ac.id', NULL, 0),
(145, 3, NULL, 'ANWAR SANUSI', '0110218112', NULL, 'anwa18112ti@student.nurulfikri.ac.id', NULL, 0),
(146, 3, NULL, 'M. UMAR FAZRI', '0110219001', NULL, 'muma19001ti@student.nurulfikri.ac.id', NULL, 0),
(147, 3, NULL, 'RIZKI MAULANA', '0110219002', NULL, 'rizk19002ti@student.nurulfikri.ac.id', NULL, 0),
(148, 3, NULL, 'MUHAMMAD FAJAR RAMADHANI', '0110219003', NULL, 'muha19003ti@student.nurulfikri.ac.id', NULL, 0),
(149, 3, NULL, 'AYU WIDIYA NINGRUM', '0110219004', NULL, 'ayuw19004ti@student.nurulfikri.ac.id', NULL, 0),
(150, 3, NULL, 'SIDIQ PERMANA PUTRA', '0110219005', NULL, 'sidi19005ti@student.nurulfikri.ac.id', NULL, 0),
(151, 3, NULL, 'ADE FIKRI RAMADHAN', '0110219006', NULL, 'adef19006ti@student.nurulfikri.ac.id', NULL, 0),
(152, 3, NULL, 'NUNIK ZAIN SUROYA', '0110219007', NULL, 'nuni19007ti@student.nurulfikri.ac.id', NULL, 0),
(153, 3, NULL, 'MUHAMMAD YUSUF SALMAN', '0110219009', NULL, 'muha19009ti@student.nurulfikri.ac.id', NULL, 0),
(154, 3, NULL, 'ABDUL AZIZ', '0110219010', NULL, 'abdu19010ti@student.nurulfikri.ac.id', NULL, 0),
(155, 3, NULL, 'HILMAN YAHYA MUHAIMIN', '0110219011', NULL, 'hilm19011ti@student.nurulfikri.ac.id', NULL, 0),
(156, 3, NULL, 'RENALDI ALFI SYAHAR', '0110219013', NULL, 'rena19013ti@student.nurulfikri.ac.id', NULL, 0),
(157, 3, NULL, 'KHAIRUL HUDA', '0110219014', NULL, 'khai19014ti@student.nurulfikri.ac.id', '5b71b84fbdea9046f7a982efa09696e6ce65b5b5', 1),
(158, 3, NULL, 'YAHYA DIPRAJA', '0110219015', NULL, 'yahy19015ti@student.nurulfikri.ac.id', NULL, 0),
(159, 3, NULL, 'RISYAD MIFTAHUL FALAH', '0110219016', NULL, 'risy19016ti@student.nurulfikri.ac.id', NULL, 0),
(160, 3, NULL, 'MUHAMMAD HAMZAH RAHMATULLOH', '0110219017', NULL, 'muha19017ti@student.nurulfikri.ac.id', NULL, 0),
(161, 3, NULL, 'FATURROHMAN', '0110219018', NULL, 'fatu19018ti@student.nurulfikri.ac.id', NULL, 0),
(162, 3, NULL, 'ANGGA KUSUMA PUTRA', '0110219019', NULL, 'angg19019ti@student.nurulfikri.ac.id', NULL, 0),
(163, 3, NULL, 'YUSUF FADILLAH', '0110219020', NULL, 'yusu19020ti@student.nurulfikri.ac.id', NULL, 0),
(164, 3, NULL, 'SUPRIYANTO', '0110219021', NULL, 'supr19021ti@student.nurulfikri.ac.id', NULL, 0),
(165, 3, NULL, 'FIKI ALAMSYAH', '0110219022', NULL, 'fiki19022ti@student.nurulfikri.ac.id', NULL, 0),
(166, 3, NULL, 'MOH. SODIK FIKRI', '0110219023', NULL, 'mohs19023ti@student.nurulfikri.ac.id', NULL, 0),
(167, 3, NULL, 'NENI NURHAENI', '0110219026', NULL, 'neni19026ti@student.nurulfikri.ac.id', NULL, 0),
(168, 3, NULL, 'RIAN HIDAYAT', '0110219027', NULL, 'rian19027ti@student.nurulfikri.ac.id', NULL, 0),
(169, 3, NULL, 'ABDUL THOLIB B.M', '0110219028', NULL, 'abdu19028ti@student.nurulfikri.ac.id', NULL, 0),
(170, 3, NULL, 'KHOIRUNNISA', '0110219029', NULL, 'khoi19029ti@student.nurulfikri.ac.id', NULL, 0),
(171, 3, NULL, 'ARDELINGGA PRAMESTA KUSUMA', '0110219030', NULL, 'arde19030ti@student.nurulfikri.ac.id', NULL, 0),
(172, 3, NULL, 'ZAHRA ATIKAH RAHMAH', '0110219032', NULL, 'zahr19032ti@student.nurulfikri.ac.id', NULL, 0),
(173, 3, NULL, 'ARIZAL NUR ISLACHUDDIN', '0110219034', NULL, 'ariz19034ti@student.nurulfikri.ac.id', NULL, 0),
(174, 3, NULL, 'DENDI SETIAWAN', '0110219036', NULL, 'dend19036ti@student.nurulfikri.ac.id', NULL, 0),
(175, 3, NULL, 'MUHAMMAD RAFI MAULANA', '0110219038', NULL, 'muha19038ti@student.nurulfikri.ac.id', NULL, 0),
(176, 3, NULL, 'RAHMANSYAH KURNIAWAN', '0110219039', NULL, 'rahm19039ti@student.nurulfikri.ac.id', NULL, 0),
(177, 3, NULL, 'DIKA MUHARMAN KARDINAL', '0110219040', NULL, 'dika19040ti@student.nurulfikri.ac.id', NULL, 0),
(178, 3, NULL, 'JASMINE RIFDAH NAFILLA', '0110219041', NULL, 'jasm19041ti@student.nurulfikri.ac.id', NULL, 0),
(179, 3, NULL, 'MUHAMMAD BAIHAQI', '0110219043', NULL, 'muha19043ti@student.nurulfikri.ac.id', NULL, 0),
(180, 3, NULL, 'MUHAMMAD NUR FAIZ ALFI', '0110219045', NULL, 'muha19045ti@student.nurulfikri.ac.id', NULL, 0),
(181, 3, NULL, 'AHMAD HAFID FARHAN', '0110219046', NULL, 'ahma19046ti@student.nurulfikri.ac.id', NULL, 0),
(182, 3, NULL, 'FICRI HANIP', '0110219047', NULL, 'ficr19047ti@student.nurulfikri.ac.id', NULL, 0),
(183, 3, NULL, 'AJENG SYECHAN NADIFA', '0110219050', NULL, 'ajen19050ti@student.nurulfikri.ac.id', NULL, 0),
(184, 3, NULL, 'MUHAMMAD RIDHO HAFIDZ', '0110219051', NULL, 'muha19051ti@student.nurulfikri.ac.id', NULL, 0),
(185, 3, NULL, 'MUHAMMAD SYA\'BANDI ABDILLAH', '0110219052', NULL, 'muha19052ti@student.nurulfikri.ac.id', NULL, 0),
(186, 3, NULL, 'FAIZ AHMAD', '0110219055', NULL, 'faiz19055ti@student.nurulfikri.ac.id', NULL, 0),
(187, 3, NULL, 'SULTHAN FALAH FADHILAH', '0110219056', NULL, 'sult19056ti@student.nurulfikri.ac.id', NULL, 0),
(188, 3, NULL, 'MUHAMMAD JIDDAN ROBBAANI', '0110219057', NULL, 'muha19057ti@student.nurulfikri.ac.id', NULL, 0),
(189, 3, NULL, 'FARIS AR RASYID', '0110219058', NULL, 'fari19058ti@student.nurulfikri.ac.id', NULL, 0),
(190, 3, NULL, 'AHMAD GINANJAR', '0110219059', NULL, 'ahma19059ti@student.nurulfikri.ac.id', NULL, 0),
(191, 3, NULL, 'MUHAMMAD AZZAM NUR ALWI MANSYUR', '0110219060', NULL, 'muha19060ti@student.nurulfikri.ac.id', NULL, 0),
(192, 3, NULL, 'ABDUL FATTAH ISMAIL', '0110219061', NULL, 'abdu19061ti@student.nurulfikri.ac.id', NULL, 0),
(193, 3, NULL, 'MUHAMAD ILHAM PRATAMA', '0110219062', NULL, 'muha19062ti@student.nurulfikri.ac.id', NULL, 0),
(194, 3, NULL, 'BADRUL AKHYAR', '0110219063', NULL, 'badr19063ti@student.nurulfikri.ac.id', NULL, 0),
(195, 3, NULL, 'RIZKY APRINANDA', '0110219064', NULL, 'rizk19064ti@student.nurulfikri.ac.id', NULL, 0),
(196, 3, NULL, 'YAHYA MURSYID ROBBANI AHMAD', '0110219067', NULL, 'yahy19067ti@student.nurulfikri.ac.id', NULL, 0),
(197, 3, NULL, 'ACHMAD IZHAR', '0110219068', NULL, 'achm19068ti@student.nurulfikri.ac.id', NULL, 0),
(198, 3, NULL, 'MUHAMMAD PASYA FADILLAH', '0110219069', NULL, 'muha19069ti@student.nurulfikri.ac.id', NULL, 0),
(199, 3, NULL, 'RISTA FAUJI NAFSIR', '0110219070', NULL, 'rist19070ti@student.nurulfikri.ac.id', NULL, 0),
(200, 3, NULL, 'FAZRIYANSAH AHMAD', '0110219071', NULL, 'fazr19071ti@student.nurulfikri.ac.id', NULL, 0),
(201, 3, NULL, 'M. RAFLI EDKA PUTRA', '0110219072', NULL, 'mraf19072ti@student.nurulfikri.ac.id', NULL, 0),
(202, 3, NULL, 'FAUZAN ILYAS', '0110219073', NULL, 'fauz19073ti@student.nurulfikri.ac.id', NULL, 0),
(203, 3, NULL, 'RONI SETIAWAN', '0110219074', NULL, 'roni19074ti@student.nurulfikri.ac.id', NULL, 0),
(204, 3, NULL, 'WANGSIT HARDIANTO', '0110219075', NULL, 'wang19075ti@student.nurulfikri.ac.id', NULL, 0),
(205, 3, NULL, 'MUHAMMAD RASYA HAKIM', '0110219076', NULL, 'muha19076ti@student.nurulfikri.ac.id', NULL, 0),
(206, 3, NULL, 'MUSTHOFA ALI FIRDAUS', '0110219078', NULL, 'must19078ti@student.nurulfikri.ac.id', NULL, 0),
(207, 3, NULL, 'HANI AULIA FATHIN NADA', '0110219079', NULL, 'hani19079ti@student.nurulfikri.ac.id', NULL, 0),
(208, 3, NULL, 'MUHAMMAD SHAYID VEDAWYNNE', '0110219080', NULL, 'muha19080ti@student.nurulfikri.ac.id', NULL, 0),
(209, 3, NULL, 'FATHIAH ALHABSYI', '0110219081', NULL, 'fath19081ti@student.nurulfikri.ac.id', NULL, 0),
(210, 3, NULL, 'NAUFAL HILMY YUDISTIYA PUTRA', '0110219082', NULL, 'nauf19082ti@student.nurulfikri.ac.id', NULL, 0),
(211, 3, NULL, 'AHMED RAYHAN PRIMADEDAS', '0110219083', NULL, 'ahme19083ti@student.nurulfikri.ac.id', NULL, 0),
(212, 3, NULL, 'RAFI RAMADHANA', '0110219085', NULL, 'rafi19085ti@student.nurulfikri.ac.id', NULL, 0),
(213, 3, NULL, 'AMMAR MUBAROK ROBBANI', '0110219087', NULL, 'amma19087ti@student.nurulfikri.ac.id', NULL, 0),
(214, 3, NULL, 'ALFIN ADI SURYA', '0110219088', NULL, 'alfi19088ti@student.nurulfikri.ac.id', NULL, 0),
(215, 3, NULL, 'IRFAN HISBULLAH', '0110219089', NULL, 'irfa19089ti@student.nurulfikri.ac.id', NULL, 0),
(216, 3, NULL, 'YAZIDUL YASAR', '0110219090', NULL, 'yazi19090ti@student.nurulfikri.ac.id', NULL, 0),
(217, 3, NULL, 'AMIRUL KURNIAWAN', '0110219091', NULL, 'amir19091ti@student.nurulfikri.ac.id', NULL, 0),
(218, 3, NULL, 'RIDHO MUSYAFFA', '0110219092', NULL, 'ridh19092ti@student.nurulfikri.ac.id', NULL, 0),
(219, 3, NULL, 'NUR MUHAMMAD WAFI', '0110219095', NULL, 'nurm19095ti@student.nurulfikri.ac.id', NULL, 0),
(220, 3, NULL, 'REZA CAHYO WIBOWO', '0110219096', NULL, 'reza19096ti@student.nurulfikri.ac.id', NULL, 0),
(221, 3, NULL, 'ZAID HILMI', '0110219097', NULL, 'zaid19097ti@student.nurulfikri.ac.id', NULL, 0),
(222, 3, NULL, 'FAJAR FIRDAUS', '0110219100', NULL, 'faja19100ti@student.nurulfikri.ac.id', NULL, 0),
(223, 3, NULL, 'ALWAN DWI PUTRA', '0110219101', NULL, 'alwa19101ti@student.nurulfikri.ac.id', NULL, 0),
(224, 3, NULL, 'DAFFA\' ZUHAIR', '0110219102', NULL, 'daff19102ti@student.nurulfikri.ac.id', NULL, 0),
(225, 3, NULL, 'JILAN FINIAN KILANI', '0110219103', NULL, 'jila19103ti@student.nurulfikri.ac.id', NULL, 0),
(226, 3, NULL, 'MUBDI HARIYANTO', '0110219104', NULL, 'mubd19104ti@student.nurulfikri.ac.id', NULL, 0),
(227, 3, NULL, 'YOZI BERLIANDA', '0110219105', NULL, 'yozi19105ti@student.nurulfikri.ac.id', NULL, 0),
(228, 3, NULL, 'RANI PURNA GUNAWANTI', '0110219108', NULL, 'rani19108ti@student.nurulfikri.ac.id', NULL, 0),
(229, 3, NULL, 'MUHAMMAD FATIH ALBANNA', '0110219109', NULL, 'muha19109ti@student.nurulfikri.ac.id', NULL, 0),
(230, 3, NULL, 'MUHAMMAD IRSAN KHALISH', '0110219110', NULL, 'muha19110ti@student.nurulfikri.ac.id', NULL, 0),
(231, 3, NULL, 'RAHMAN ARIF', '0110219112', NULL, 'rahm19112ti@student.nurulfikri.ac.id', NULL, 0),
(232, 3, NULL, 'ABDUL GHANI ADYAN', '0110219113', NULL, 'abdu19113ti@student.nurulfikri.ac.id', NULL, 0),
(233, 3, NULL, 'ALFIAN MUHAMAD RIZAL YURISTYA', '0110219114', NULL, 'alfi19114ti@student.nurulfikri.ac.id', NULL, 0),
(234, 3, NULL, 'ANNISA NUR ROHMAH', '0110219116', NULL, 'anni19116ti@student.nurulfikri.ac.id', NULL, 0),
(235, 3, NULL, 'MUHAMMAD AJI BAYU PURBANING KATON', '0110219117', NULL, 'muha19117ti@student.nurulfikri.ac.id', NULL, 0),
(236, 3, NULL, 'MUHAMMAD AGUNG SAPUTRA', '0110219120', NULL, 'muha19120ti@student.nurulfikri.ac.id', NULL, 0),
(237, 3, NULL, 'ARIPIN', '0110219121', NULL, 'arip19121ti@student.nurulfikri.ac.id', NULL, 0),
(238, 3, NULL, 'AJI SOUBARI', '0110219122', NULL, 'ajis19122ti@student.nurulfikri.ac.id', NULL, 0),
(239, 3, NULL, 'FEBRYAN', '0110219123', NULL, 'febr19123ti@student.nurulfikri.ac.id', NULL, 0),
(240, 3, NULL, 'MUH.TAUFIK HIDAYAT', '0110219124', NULL, 'muht19124ti@student.nurulfikri.ac.id', NULL, 0),
(241, 3, NULL, 'FAJAR DWI SAPUTRA', '0110219125', NULL, 'faja19125ti@student.nurulfikri.ac.id', NULL, 0),
(242, 3, NULL, 'SERLY OKTAVIANI', '0110219126', NULL, 'serl19126ti@student.nurulfikri.ac.id', NULL, 0),
(243, 3, NULL, 'ABDUL MAULANA', '0110219127', NULL, 'abdu19127ti@student.nurulfikri.ac.id', NULL, 0),
(244, 3, NULL, 'ZIYAD', '0110219128', NULL, 'ziya19128ti@student.nurulfikri.ac.id', NULL, 0),
(245, 3, NULL, 'FATHAN MUBIN', '0110219129', NULL, 'fath19129ti@student.nurulfikri.ac.id', NULL, 0),
(246, 3, NULL, 'FANI ADI FRIHANDOKO', '0110219130', NULL, 'fani19130ti@student.nurulfikri.ac.id', NULL, 0),
(247, 3, NULL, 'AMELYA FIRJIYANTI NUR\'ANIZA', '0110219132', NULL, 'amel19132ti@student.nurulfikri.ac.id', NULL, 0),
(248, 3, NULL, 'IQBAL ASSEGAF', '0110219133', NULL, 'iqba19133ti@student.nurulfikri.ac.id', NULL, 0),
(249, 3, NULL, 'AGUNG PRIYO SEMBODO', '0110219134', NULL, 'agun19134ti@student.nurulfikri.ac.id', NULL, 0),
(250, 3, NULL, 'DERREN DWI SUKRILAH', '0110219135', NULL, 'derr19135ti@student.nurulfikri.ac.id', NULL, 0),
(251, 3, NULL, 'WAHYU ROHMANTO', '0110220002', NULL, 'wahy20002ti@student.nurulfikri.ac.id', NULL, 0),
(252, 3, NULL, 'NOVITA RAHMADHANI', '0110220003', NULL, 'novi20003ti@student.nurulfikri.ac.id', NULL, 0),
(253, 3, NULL, 'EKKY MONERXY FUJIANTO', '0110220005', NULL, 'ekky20005ti@student.nurulfikri.ac.id', NULL, 0),
(254, 3, NULL, 'FARHAN THARIQ HUZAINI', '0110220006', NULL, 'farh20006ti@student.nurulfikri.ac.id', NULL, 0),
(255, 3, NULL, 'MUHAMMAD IRFAN AWALUDDIN', '0110220007', NULL, 'muha20007ti@student.nurulfikri.ac.id', NULL, 0),
(256, 3, NULL, 'INDRA LINGGA SAPUTRA', '0110220008', NULL, 'indr20008ti@student.nurulfikri.ac.id', NULL, 0),
(257, 3, NULL, 'MUHAMMAD AZZAM RABBANI HAMADI', '0110220009', NULL, 'muha20009ti@student.nurulfikri.ac.id', NULL, 0),
(258, 3, NULL, 'JOKO SUPRIYANTO', '0110220010', NULL, 'joko20010ti@student.nurulfikri.ac.id', NULL, 0),
(259, 3, NULL, 'ALFI SYHARI', '0110220011', NULL, 'alfi20011ti@student.nurulfikri.ac.id', NULL, 0),
(260, 3, NULL, 'YAZID ILYAS BAIHAQI', '0110220012', NULL, 'yazi20012ti@student.nurulfikri.ac.id', NULL, 0),
(261, 3, NULL, 'KAYLA MAHARANI ANUAR', '0110220013', NULL, 'kayl20013ti@student.nurulfikri.ac.id', NULL, 0),
(262, 3, NULL, 'ALFIRDAN ADHA AJILIYANDA', '0110220014', NULL, 'alfi20014ti@student.nurulfikri.ac.id', NULL, 0),
(263, 3, NULL, 'DEA TRIAPUTRA', '0110220015', NULL, 'deat20015ti@student.nurulfikri.ac.id', NULL, 0),
(264, 3, NULL, 'FATRUL MUKHLASIN', '0110220016', NULL, 'fatr20016ti@student.nurulfikri.ac.id', NULL, 0),
(265, 3, NULL, 'MOHAMMAD FIQRI RAMADHAN', '0110220017', NULL, 'moha20017ti@student.nurulfikri.ac.id', NULL, 0),
(266, 3, NULL, 'FATCHAN MUHAMMAD HAKIM', '0110220018', NULL, 'fatc20018ti@student.nurulfikri.ac.id', NULL, 0),
(267, 3, NULL, 'SYA\'DIYAH NUR FAWWAZ', '0110220019', NULL, 'syad20019ti@student.nurulfikri.ac.id', NULL, 0),
(268, 3, NULL, 'SELI MULYANI', '0110220020', NULL, 'seli20020ti@student.nurulfikri.ac.id', NULL, 0),
(269, 3, NULL, 'FATHI AHMAD', '0110220021', NULL, 'fath20021ti@student.nurulfikri.ac.id', NULL, 0),
(270, 3, NULL, 'ANNISA MUNAJALIPAH', '0110220022', NULL, 'anni20022ti@student.nurulfikri.ac.id', NULL, 0),
(271, 3, NULL, 'MUHAMMAD YUNUS ISNAN', '0110220023', NULL, 'muha20023ti@student.nurulfikri.ac.id', NULL, 0),
(272, 3, NULL, 'MUHAMMAD RIZQI', '0110220024', NULL, 'muha20024ti@student.nurulfikri.ac.id', NULL, 0),
(273, 3, NULL, 'WAHYU ADI PRAMUDYA', '0110220025', NULL, 'wahy20025ti@student.nurulfikri.ac.id', NULL, 0),
(274, 3, NULL, 'AFIFAH KHAIRUNNISA', '0110220026', NULL, 'afif20026ti@student.nurulfikri.ac.id', NULL, 0),
(275, 3, NULL, 'FADLI FADILLAH', '0110220027', NULL, 'fadl20027ti@student.nurulfikri.ac.id', NULL, 0),
(276, 3, NULL, 'ZULFANIA SHOFA', '0110220029', NULL, 'zulf20029ti@student.nurulfikri.ac.id', NULL, 0),
(277, 3, NULL, 'PUTRI RAMADHAN', '0110220030', NULL, 'putr20030ti@student.nurulfikri.ac.id', NULL, 0),
(278, 3, NULL, 'RIFKI GILANG SYACHPUTRA', '0110220031', NULL, 'rifk20031ti@student.nurulfikri.ac.id', NULL, 0),
(279, 3, NULL, 'AZIL KHAQ', '0110220032', NULL, 'azil20032ti@student.nurulfikri.ac.id', NULL, 0),
(280, 3, NULL, 'INTAN MARIYAHSARI', '0110220033', NULL, 'inta20033ti@student.nurulfikri.ac.id', NULL, 0),
(281, 3, NULL, 'MUHAMMAD ZULFIKAR', '0110220034', NULL, 'muha20034ti@student.nurulfikri.ac.id', NULL, 0),
(282, 3, NULL, 'DINI MERIAWATI', '0110220035', NULL, 'dini20035ti@student.nurulfikri.ac.id', NULL, 0),
(283, 3, NULL, 'AHMAD WARDIMAS', '0110220036', NULL, 'ahma20036ti@student.nurulfikri.ac.id', NULL, 0),
(284, 3, NULL, 'FADHLURROHMAN ZUHDI', '0110220037', NULL, 'fadh20037ti@student.nurulfikri.ac.id', NULL, 0),
(285, 3, NULL, 'FAIZUDDIN AL QOSSAM', '0110220038', NULL, 'faiz20038ti@student.nurulfikri.ac.id', NULL, 0),
(286, 3, NULL, 'NINYS REVALYNA', '0110220039', NULL, 'niny20039ti@student.nurulfikri.ac.id', NULL, 0),
(287, 3, NULL, 'FIKRI PRATAMA AL FAJRI', '0110220040', NULL, 'fikr20040ti@student.nurulfikri.ac.id', NULL, 0),
(288, 3, NULL, 'AHMAD MAULANA FADILLAH', '0110220043', NULL, 'ahma20043ti@student.nurulfikri.ac.id', NULL, 0),
(289, 3, NULL, 'ARISKA HANDAYANI', '0110220044', NULL, 'aris20044ti@student.nurulfikri.ac.id', NULL, 0),
(290, 3, NULL, 'EVRY NAZYLI CIPTANTO', '0110220045', NULL, 'evry20045ti@student.nurulfikri.ac.id', NULL, 0),
(291, 3, NULL, 'RANGGA ADI PUTRA', '0110220047', NULL, 'rang20047ti@student.nurulfikri.ac.id', NULL, 0),
(292, 3, NULL, 'BAMBANG TRIATMAJA', '0110220049', NULL, 'bamb20049ti@student.nurulfikri.ac.id', NULL, 0),
(293, 3, NULL, 'HARIS NURUL ISLAM', '0110220050', NULL, 'hari20050ti@student.nurulfikri.ac.id', NULL, 0),
(294, 3, NULL, 'SALIM FAWWAZ MUWAFFAQ', '0110220052', NULL, 'sali20052ti@student.nurulfikri.ac.id', NULL, 0),
(295, 3, NULL, 'DIAN NOVITA', '0110220053', NULL, 'dian20053ti@student.nurulfikri.ac.id', NULL, 0),
(296, 3, NULL, 'DINY BRILIANTI', '0110220054', NULL, 'diny20054ti@student.nurulfikri.ac.id', NULL, 0),
(297, 3, NULL, 'FADHILA NUR KHALIZA', '0110220055', NULL, 'fadh20055ti@student.nurulfikri.ac.id', NULL, 0),
(298, 3, NULL, 'ASSAUFI ANGGIE ANGGELA ANGGRAENI', '0110220056', NULL, 'assa20056ti@student.nurulfikri.ac.id', NULL, 0),
(299, 3, NULL, 'DANANG TRI SAPUTRO', '0110220057', NULL, 'dana20057ti@student.nurulfikri.ac.id', NULL, 0),
(300, 3, NULL, 'ARINTA WIDI WIDIA WATI', '0110220058', NULL, 'arin20058ti@student.nurulfikri.ac.id', NULL, 0),
(301, 3, NULL, 'AHMAD MILZAM AZIMAN', '0110220059', NULL, 'ahma20059ti@student.nurulfikri.ac.id', NULL, 0),
(302, 3, NULL, 'IQBAL SAPUTRA', '0110220060', NULL, 'iqba20060ti@student.nurulfikri.ac.id', NULL, 0),
(303, 3, NULL, 'DEVI AMALIA', '0110220061', NULL, 'devi20061ti@student.nurulfikri.ac.id', NULL, 0),
(304, 3, NULL, 'IKHWAN NURROHMAN', '0110220062', NULL, 'ikhw20062ti@student.nurulfikri.ac.id', NULL, 0),
(305, 3, NULL, 'RIFQI FADHLURRAHMAN', '0110220063', NULL, 'rifq20063ti@student.nurulfikri.ac.id', NULL, 0),
(306, 3, NULL, 'ADAM MAULANA', '0110220064', NULL, 'adam20064ti@student.nurulfikri.ac.id', NULL, 0),
(307, 3, NULL, 'RAHMADI', '0110220065', NULL, 'rahm20065ti@student.nurulfikri.ac.id', NULL, 0),
(308, 3, NULL, 'SYIFA NURAINI AL ROHMAN', '0110220066', NULL, 'syif20066ti@student.nurulfikri.ac.id', NULL, 0),
(309, 3, NULL, 'DIMAS APRILLIANTO', '0110220067', NULL, 'dima20067ti@student.nurulfikri.ac.id', NULL, 0),
(310, 3, NULL, 'MUHAMMAD HISYAM MUBARAK', '0110220068', NULL, 'muha20068ti@student.nurulfikri.ac.id', NULL, 0),
(311, 3, NULL, 'AMERI YULINA', '0110220069', NULL, 'amer20069ti@student.nurulfikri.ac.id', NULL, 0),
(312, 3, NULL, 'ARNI RAHAYU SURYANI', '0110220070', NULL, 'arni20070ti@student.nurulfikri.ac.id', NULL, 0),
(313, 3, NULL, 'ABDULLOH FAHMI', '0110220071', NULL, 'abdu20071ti@student.nurulfikri.ac.id', NULL, 0),
(314, 3, NULL, 'FAZRI EGI RAMADHAN', '0110220072', NULL, 'fazr20072ti@student.nurulfikri.ac.id', NULL, 0),
(315, 3, NULL, 'ROHIMIN', '0110220073', NULL, 'rohi20073ti@student.nurulfikri.ac.id', NULL, 0),
(316, 3, NULL, 'MUTIA MUTHMAINNAH', '0110220074', NULL, 'muti20074ti@student.nurulfikri.ac.id', NULL, 0),
(317, 3, NULL, 'AHMAD HUDZAIFAH', '0110220075', NULL, 'ahma20075ti@student.nurulfikri.ac.id', NULL, 0),
(318, 3, NULL, 'IZZUDIN AL QASAM', '0110220077', NULL, 'izzu20077ti@student.nurulfikri.ac.id', NULL, 0),
(319, 3, NULL, 'AHMAD NOVAL FAHMI', '0110220078', NULL, 'ahma20078ti@student.nurulfikri.ac.id', NULL, 0),
(320, 3, NULL, 'MUHAMMAD FARHAN', '0110220079', NULL, 'muha20079ti@student.nurulfikri.ac.id', NULL, 0),
(321, 3, NULL, 'SYAUQI MUSYAFFA KHAIRULLAH', '0110220080', NULL, 'syau20080ti@student.nurulfikri.ac.id', NULL, 0),
(322, 3, NULL, 'ADJI SAKA ARDHANA', '0110220081', NULL, 'adji20081ti@student.nurulfikri.ac.id', NULL, 0),
(323, 3, NULL, 'KURNIAWAN', '0110220082', NULL, 'kurn20082ti@student.nurulfikri.ac.id', NULL, 0),
(324, 3, NULL, 'HUZAIFAH PRASETYA', '0110220083', NULL, 'huza20083ti@student.nurulfikri.ac.id', NULL, 0),
(325, 3, NULL, 'ALWI PUTRA SUPENDI', '0110220084', NULL, 'alwi20084ti@student.nurulfikri.ac.id', NULL, 0),
(326, 3, NULL, 'ZAID', '0110220085', NULL, 'zaid20085ti@student.nurulfikri.ac.id', NULL, 0),
(327, 3, NULL, 'TRI SIAM SUBEKTI', '0110220086', NULL, 'tris20086ti@student.nurulfikri.ac.id', NULL, 0),
(328, 3, NULL, 'CHIKA AULIA ZAHWA', '0110220087', NULL, 'chik20087ti@student.nurulfikri.ac.id', NULL, 0),
(329, 3, NULL, 'MUHAMMAD RIZA FAHLUZI', '0110220088', NULL, 'muha20088ti@student.nurulfikri.ac.id', NULL, 0),
(330, 3, NULL, 'AZIZI RAHIM SETIYAWAN', '0110220089', NULL, 'aziz20089ti@student.nurulfikri.ac.id', NULL, 0),
(331, 3, NULL, 'FARID JAUHARI FAJRI', '0110220090', NULL, 'fari20090ti@student.nurulfikri.ac.id', NULL, 0),
(332, 3, NULL, 'RAMA MAHESA WARDANA', '0110220091', NULL, 'rama20091ti@student.nurulfikri.ac.id', NULL, 0),
(333, 3, NULL, 'RIO AGI', '0110220092', NULL, 'rioa20092ti@student.nurulfikri.ac.id', NULL, 0),
(334, 3, NULL, 'HANA SYAADAH', '0110220093', NULL, 'hana20093ti@student.nurulfikri.ac.id', NULL, 0),
(335, 3, NULL, 'IRPAN MAULANA', '0110220094', NULL, 'irpa20094ti@student.nurulfikri.ac.id', NULL, 0),
(336, 3, NULL, 'ADI SATRIA', '0110220095', NULL, 'adis20095ti@student.nurulfikri.ac.id', NULL, 0),
(337, 3, NULL, 'WANANDI', '0110220096', NULL, 'wana20096ti@student.nurulfikri.ac.id', NULL, 0),
(338, 3, NULL, 'MUHAMMAD AL HAFIZH', '0110220097', NULL, 'muha20097ti@student.nurulfikri.ac.id', NULL, 0),
(339, 3, NULL, 'MUHAMAD RIZKI', '0110220098', NULL, 'muha20098ti@student.nurulfikri.ac.id', NULL, 0),
(340, 3, NULL, 'ANGGA RAFADIKA', '0110220099', NULL, 'angg20099ti@student.nurulfikri.ac.id', NULL, 0),
(341, 3, NULL, 'MUHAMMAD RIFQI ROBBANI', '0110220100', NULL, 'muha20100ti@student.nurulfikri.ac.id', NULL, 0),
(342, 3, NULL, 'AHMAD LUTHFI TAQIYUDDIN', '0110220101', NULL, 'ahma20101ti@student.nurulfikri.ac.id', NULL, 0),
(343, 3, NULL, 'EKO SUPRIANTO', '0110220102', NULL, 'ekos20102ti@student.nurulfikri.ac.id', NULL, 0),
(344, 3, NULL, 'NAUFAL HAMIZ', '0110220103', NULL, 'nauf20103ti@student.nurulfikri.ac.id', NULL, 0),
(345, 3, NULL, 'MAULANA HISYAM', '0110220104', NULL, 'maul20104ti@student.nurulfikri.ac.id', NULL, 0),
(346, 3, NULL, 'MUHAMAD RAYYAN AZKA HUDAYA', '0110220105', NULL, 'muha20105ti@student.nurulfikri.ac.id', NULL, 0),
(347, 3, NULL, 'MUHAMMAD FARHAN AULA', '0110220106', NULL, 'muha20106ti@student.nurulfikri.ac.id', NULL, 0),
(348, 3, NULL, 'MUHAMMAD IQBAL ADIIB', '0110220107', NULL, 'muha20107ti@student.nurulfikri.ac.id', NULL, 0),
(349, 3, NULL, 'MUHAMMAD GHIYATSUL HUMAMI', '0110220108', NULL, 'muha20108ti@student.nurulfikri.ac.id', NULL, 0),
(350, 3, NULL, 'TONIYANSYAH WAHYUDI', '0110220109', NULL, 'toni20109ti@student.nurulfikri.ac.id', NULL, 0),
(351, 3, NULL, 'MUHAMMAD BILAL AL ASY\'ARI', '011022110', NULL, 'muha2110ti@student.nurulfikri.ac.id', NULL, 0),
(352, 3, NULL, 'MUHAMMAD FARHAN SUBAGIO', '0110220111', NULL, 'muha20111ti@student.nurulfikri.ac.id', NULL, 0),
(353, 3, NULL, 'MUHAMMAD FARHAN ARIEFFADHILAH', '0110220112', NULL, 'muha20112ti@student.nurulfikri.ac.id', NULL, 0),
(354, 3, NULL, 'MUHAMMAD NASOHA MUNTAHA', '0110220113', NULL, 'muha20113ti@student.nurulfikri.ac.id', NULL, 0),
(355, 3, NULL, 'HERY SHOLIHIN', '0110220114', NULL, 'hery20114ti@student.nurulfikri.ac.id', NULL, 0),
(356, 3, NULL, 'ANDIKA ALIFIAN', '0110220115', NULL, 'andi20115ti@student.nurulfikri.ac.id', NULL, 0),
(357, 3, NULL, 'FARHAN MA\'ARIF LUBIS', '0110220116', NULL, 'farh20116ti@student.nurulfikri.ac.id', NULL, 0),
(358, 3, NULL, 'TEGUH IMAN IZZATI', '0110220117', NULL, 'tegu20117ti@student.nurulfikri.ac.id', NULL, 0),
(359, 3, NULL, 'MOH TAUFIQUR ROCHMAN', '0110220118', NULL, 'moht20118ti@student.nurulfikri.ac.id', NULL, 0),
(360, 3, NULL, 'SATRIA ARDHYA NAUFAL', '0110220119', NULL, 'satr20119ti@student.nurulfikri.ac.id', NULL, 0),
(361, 3, NULL, 'MUHAMMAD IHSAN ROBBANI', '0110220120', NULL, 'muha20120ti@student.nurulfikri.ac.id', NULL, 0),
(362, 3, NULL, 'ZHAFIRA AGHNIYA RAHMAN', '0110220121', NULL, 'zhaf20121ti@student.nurulfikri.ac.id', NULL, 0),
(363, 3, NULL, 'AGITA SYAFITRI', '0110220122', NULL, 'agit20122ti@student.nurulfikri.ac.id', NULL, 0),
(364, 3, NULL, 'GUNAWAN', '0110220123', NULL, 'guna20123ti@student.nurulfikri.ac.id', NULL, 0),
(365, 3, NULL, 'ICHSAN RUSTIANSYACH YUSUF', '0110220124', NULL, 'ichs20124ti@student.nurulfikri.ac.id', NULL, 0),
(366, 3, NULL, 'MUHAMAD ISMAIL', '0110220125', NULL, 'muha20125ti@student.nurulfikri.ac.id', NULL, 0),
(367, 3, NULL, 'RAFLY FADJRIAN', '0110220126', NULL, 'rafl20126ti@student.nurulfikri.ac.id', NULL, 0),
(368, 3, NULL, 'FARHAN AFRIANSYAH', '0110220127', NULL, 'farh20127ti@student.nurulfikri.ac.id', NULL, 0),
(369, 3, NULL, 'MUHAMMAD FIKRI HERDIANTO', '0110220128', NULL, 'muha20128ti@student.nurulfikri.ac.id', NULL, 0),
(370, 3, NULL, 'EVA MURLIAN', '0110220129', NULL, 'evam20129ti@student.nurulfikri.ac.id', NULL, 0),
(371, 3, NULL, 'MUHAMMAD NAUFAL ASYAM', '0110220130', NULL, 'muha20130ti@student.nurulfikri.ac.id', NULL, 0),
(372, 3, NULL, 'AL FATIH ABDURRAHMAN SYAH', '0110220131', NULL, 'alfa20131ti@student.nurulfikri.ac.id', NULL, 0),
(373, 3, NULL, 'IZZY RIZKY JOHAN', '0110220132', NULL, 'izzy20132ti@student.nurulfikri.ac.id', NULL, 0),
(374, 3, NULL, 'SHIDQI AHMAD FARID', '0110220133', NULL, 'shid20133ti@student.nurulfikri.ac.id', NULL, 0),
(375, 3, NULL, 'MUHAMMAD FATHUR ABDULLAH AZZAM', '0110220134', NULL, 'muha20134ti@student.nurulfikri.ac.id', NULL, 0),
(376, 3, NULL, 'RAGA MURTADHA MUTHAHARI', '0110220135', NULL, 'raga20135ti@student.nurulfikri.ac.id', NULL, 0),
(377, 3, NULL, 'MUHAMMAD ALIF LUTHAN', '0110220136', NULL, 'muha20136ti@student.nurulfikri.ac.id', NULL, 0),
(378, 3, NULL, 'MUHAMMAD IHSANUL HAKIIM', '0110220137', NULL, 'muha20137ti@student.nurulfikri.ac.id', NULL, 0),
(379, 3, NULL, 'NURUL HAYA FATHINAH', '0110220138', NULL, 'nuru20138ti@student.nurulfikri.ac.id', NULL, 0),
(380, 3, NULL, 'WAHYU FIRMANSYAH', '0110220139', NULL, 'wahy20139ti@student.nurulfikri.ac.id', NULL, 0),
(381, 3, NULL, 'MUKHAMMAD MAULANA', '0110220140', NULL, 'mukh20140ti@student.nurulfikri.ac.id', NULL, 0),
(382, 3, NULL, 'WINDY BAGUS YULIANTO', '0110220141', NULL, 'wind20141ti@student.nurulfikri.ac.id', NULL, 0),
(383, 3, NULL, 'MUHAMMAD FAJAR SULTON ASNAWI', '0110220142', NULL, 'muha20142ti@student.nurulfikri.ac.id', NULL, 0),
(384, 3, NULL, 'ARYA MAULANA HIDAYATULLAH', '0110220144', NULL, 'arya20144ti@student.nurulfikri.ac.id', NULL, 0),
(385, 3, NULL, 'RIZKY FEBRIANA AKBAR', '0110220145', NULL, 'rizk20145ti@student.nurulfikri.ac.id', NULL, 0),
(386, 3, NULL, 'ROBBY DARMAWAN', '0110220146', NULL, 'robb20146ti@student.nurulfikri.ac.id', NULL, 0),
(387, 3, NULL, 'EKA AMELIA PUTRI', '0110220147', NULL, 'ekaa20147ti@student.nurulfikri.ac.id', NULL, 0),
(388, 3, NULL, 'ANISA AMALIA MADINAH', '0110220148', NULL, 'anis20148ti@student.nurulfikri.ac.id', NULL, 0),
(389, 3, NULL, 'MUHAMAD RIDWAN', '0110220149', NULL, 'muha20149ti@student.nurulfikri.ac.id', NULL, 0),
(390, 3, NULL, 'IMADUDIN ABDURAHIM', '0110220150', NULL, 'imad20150ti@student.nurulfikri.ac.id', NULL, 0),
(391, 3, NULL, 'RIVAN ALBANI RAY', '0110220151', NULL, 'riva20151ti@student.nurulfikri.ac.id', NULL, 0),
(392, 3, NULL, 'RAIHAN KAENI SMIT', '0110220152', NULL, 'raih20152ti@student.nurulfikri.ac.id', NULL, 0),
(393, 3, NULL, 'SABIQ MUHAMMAD ANTEBING MAME', '0110220153', NULL, 'sabi20153ti@student.nurulfikri.ac.id', NULL, 0),
(394, 3, NULL, 'SAHRUL ROMADHON', '0110220154', NULL, 'sahr20154ti@student.nurulfikri.ac.id', NULL, 0),
(395, 3, NULL, 'MUHAMMAD ANDI ALVIAN', '0110220155', NULL, 'muha20155ti@student.nurulfikri.ac.id', NULL, 0),
(396, 3, NULL, 'ABDUL HILMY TANANDA', '0110220156', NULL, 'abdu20156ti@student.nurulfikri.ac.id', NULL, 0),
(397, 3, NULL, 'ADRIANSYAH MAHESA WICAKSANA', '0110220157', NULL, 'adri20157ti@student.nurulfikri.ac.id', NULL, 0),
(398, 3, NULL, 'AL MARAGIB SUSANTO', '0110220158', NULL, 'alma20158ti@student.nurulfikri.ac.id', NULL, 0),
(399, 3, NULL, 'ASEP SAHRUDIN', '0110220159', NULL, 'asep20159ti@student.nurulfikri.ac.id', NULL, 0),
(400, 3, NULL, 'AMRI MARTONI SIHOMBING', '0110220160', NULL, 'amri20160ti@student.nurulfikri.ac.id', NULL, 0),
(401, 3, NULL, 'RESTU ADIL SALATIN SYAH', '0110220161', NULL, 'rest20161ti@student.nurulfikri.ac.id', NULL, 0),
(402, 3, NULL, 'ANANDA RIZQA AZIZAH', '0110220162', NULL, 'anan20162ti@student.nurulfikri.ac.id', NULL, 0),
(403, 3, NULL, 'RANGGA SAPUTRA ABAS', '0110220163', NULL, 'rang20163ti@student.nurulfikri.ac.id', NULL, 0),
(404, 3, NULL, 'AHMAD NURFAHRI', '0110220165', NULL, 'ahma20165ti@student.nurulfikri.ac.id', NULL, 0),
(405, 3, NULL, 'AHMAD FAUZAN', '0110220166', NULL, 'ahma20166ti@student.nurulfikri.ac.id', NULL, 0),
(406, 3, NULL, 'ALI MAHMUD', '0110220167', NULL, 'alim20167ti@student.nurulfikri.ac.id', NULL, 0),
(407, 3, NULL, 'MUHAMMAD AMIEN RAMDHANI', '0110220168', NULL, 'muha20168ti@student.nurulfikri.ac.id', NULL, 0),
(408, 3, NULL, 'MUCHAMMAD IQBAL', '0110220169', NULL, 'much20169ti@student.nurulfikri.ac.id', NULL, 0),
(409, 3, NULL, 'MUHAMMAD ISMAIL', '0110220170', NULL, 'muha20170ti@student.nurulfikri.ac.id', NULL, 0),
(410, 3, NULL, 'AKBAR RIYADI', '0110220171', NULL, 'akba20171ti@student.nurulfikri.ac.id', NULL, 0),
(411, 3, NULL, 'ALDY PRAYOGO', '0110220172', NULL, 'aldy20172ti@student.nurulfikri.ac.id', NULL, 0),
(412, 3, NULL, 'ABDULLAH UMAR AL FARAUQ', '0110220173', NULL, 'abdu20173ti@student.nurulfikri.ac.id', NULL, 0),
(413, 3, NULL, 'WAHID WAHYUDIN', '0110220174', NULL, 'wahi20174ti@student.nurulfikri.ac.id', NULL, 0),
(414, 3, NULL, 'GUSTI BAGAS IBRAHIM', '0110220175', NULL, 'gust20175ti@student.nurulfikri.ac.id', NULL, 0),
(415, 3, NULL, 'RIDWANSYAH', '0110220176', NULL, 'ridw20176ti@student.nurulfikri.ac.id', NULL, 0),
(416, 3, NULL, 'RICHAL JULIANSYAH', '0110220177', NULL, 'rich20177ti@student.nurulfikri.ac.id', NULL, 0),
(417, 3, NULL, 'MUHAMMAD NASHIR NASUTION', '0110220178', NULL, 'muha20178ti@student.nurulfikri.ac.id', NULL, 0),
(418, 3, NULL, 'MAYA CATHERINE YOLANDA', '0110220179', NULL, 'maya20179ti@student.nurulfikri.ac.id', NULL, 0),
(419, 3, NULL, 'SAFFANAH JANNATI AZIZAH', '0110220180', NULL, 'saff20180ti@student.nurulfikri.ac.id', NULL, 0),
(420, 3, NULL, 'AKHMAD LYLANA', '0110220182', NULL, 'akhm20182ti@student.nurulfikri.ac.id', NULL, 0),
(421, 3, NULL, 'MUHAMAD FAISAL UMAR ALFAUZI', '0110220183', NULL, 'muha20183ti@student.nurulfikri.ac.id', NULL, 0),
(422, 3, NULL, 'FADEL ANAS', '0110220184', NULL, 'fade20184ti@student.nurulfikri.ac.id', NULL, 0),
(423, 3, NULL, 'HUDA ROBBANI', '0110220185', NULL, 'huda20185ti@student.nurulfikri.ac.id', NULL, 0),
(424, 3, NULL, 'RONI PRAWIJAYA', '0110220198', NULL, 'roni20198ti@student.nurulfikri.ac.id', NULL, 0),
(425, 3, NULL, 'MUHAMMAD JIHAD ROBBANI', '0110220199', NULL, 'muha20199ti@student.nurulfikri.ac.id', NULL, 0),
(426, 3, NULL, 'FAZA TADZKIA NURQOLBINA', '0110220200', NULL, 'faza20200ti@student.nurulfikri.ac.id', NULL, 0),
(427, 3, NULL, 'AHMAD SAYYIDUL IMAN', '0110220201', NULL, 'ahma20201ti@student.nurulfikri.ac.id', NULL, 0),
(428, 3, NULL, 'ARIF FATHURAHMAN', '0110220202', NULL, 'arif20202ti@student.nurulfikri.ac.id', NULL, 0),
(429, 3, NULL, 'SHILVIA MAHARANI', '0110220204', NULL, 'shil20204ti@student.nurulfikri.ac.id', NULL, 0),
(430, 3, NULL, 'HARI MAULANA', '0110220206', NULL, 'hari20206ti@student.nurulfikri.ac.id', NULL, 0),
(431, 3, NULL, 'HIDAYATUL IHSAN', '0110220207', NULL, 'hida20207ti@student.nurulfikri.ac.id', NULL, 0),
(432, 3, NULL, 'IBNU HAKIM', '0110220208', NULL, 'ibnu20208ti@student.nurulfikri.ac.id', NULL, 0),
(433, 3, NULL, 'ILHAM JAYA PRATAMA', '0110220209', NULL, 'ilha20209ti@student.nurulfikri.ac.id', NULL, 0),
(434, 3, NULL, 'LABIB HIBATULLAH ARIFIN', '0110220210', NULL, 'labi20210ti@student.nurulfikri.ac.id', NULL, 0),
(435, 3, NULL, 'MUHAMMAD FARHAN', '0110220211', NULL, 'muha20211ti@student.nurulfikri.ac.id', NULL, 0),
(436, 3, NULL, 'AHMAD ZULFIKOR', '0110220212', NULL, 'ahma20212ti@student.nurulfikri.ac.id', NULL, 0),
(437, 3, NULL, 'AHNAF IBRAHIM DZAKY', '0110220213', NULL, 'ahna20213ti@student.nurulfikri.ac.id', NULL, 0),
(438, 3, NULL, 'MUHAMAD RIYANDI', '0110220214', NULL, 'muha20214ti@student.nurulfikri.ac.id', NULL, 0),
(439, 3, NULL, 'ZAKIYUDDIN RAHMAN', '0110220215', NULL, 'zaki20215ti@student.nurulfikri.ac.id', NULL, 0),
(440, 3, NULL, 'SYAUQI IZZUDDIN AR ROBBANII', '0110220216', NULL, 'syau20216ti@student.nurulfikri.ac.id', NULL, 0),
(441, 3, NULL, 'ZHAFIA RABBANI AMALIA', '0110220219', NULL, 'zhaf20219ti@student.nurulfikri.ac.id', NULL, 0),
(442, 3, NULL, 'MUHAMMAD IHSAN FIRDAUS', '0110220221', NULL, 'muha20221ti@student.nurulfikri.ac.id', NULL, 0),
(443, 3, NULL, 'HAFIZH SHAH FIRDAUS', '0110220222', NULL, 'hafi20222ti@student.nurulfikri.ac.id', NULL, 0),
(444, 3, NULL, 'MUHAMAD BURHANUDIN YUSUF', '0110220223', NULL, 'muha20223ti@student.nurulfikri.ac.id', NULL, 0),
(445, 3, NULL, 'TAMMA YUSUF SURYA', '0110220224', NULL, 'tamm20224ti@student.nurulfikri.ac.id', NULL, 0),
(446, 3, NULL, 'ALDI MAHARDIANSYAH', '0110220226', NULL, 'aldi20226ti@student.nurulfikri.ac.id', NULL, 0),
(447, 3, NULL, 'SHEILLA INAYATUL MAULA', '0110220227', NULL, 'shei20227ti@student.nurulfikri.ac.id', NULL, 0),
(448, 3, NULL, 'TOTO JATI WIJAYANTO', '0110220228', NULL, 'toto20228ti@student.nurulfikri.ac.id', NULL, 0),
(449, 3, NULL, 'RENALDI VELAJATI KENCANA', '0110220231', NULL, 'rena20231ti@student.nurulfikri.ac.id', NULL, 0),
(450, 3, NULL, 'ABDURRAHMAN ZIYAD', '0110220232', NULL, 'abdu20232ti@student.nurulfikri.ac.id', NULL, 0),
(451, 3, NULL, 'FATHIMAH NUURUSSA\'AADAH', '0110220233', NULL, 'fath20233ti@student.nurulfikri.ac.id', NULL, 0),
(452, 3, NULL, 'DEA AMELIA PUTRI', '0110220234', NULL, 'deaa20234ti@student.nurulfikri.ac.id', NULL, 0),
(453, 3, NULL, 'AINUN MARDIYAH', '0110220235', NULL, 'ainu20235ti@student.nurulfikri.ac.id', NULL, 0),
(454, 3, NULL, 'MUHAMMAD AL FIKRI', '0110220236', NULL, 'muha20236ti@student.nurulfikri.ac.id', NULL, 0),
(455, 3, NULL, 'SAUSAN RAFILA', '0110220237', NULL, 'saus20237ti@student.nurulfikri.ac.id', NULL, 0),
(456, 3, NULL, 'EKA PRANOTO', '0110220238', NULL, 'ekap20238ti@student.nurulfikri.ac.id', NULL, 0),
(457, 3, NULL, 'SATRIA WAHYU ISMAIL', '0110220239', NULL, 'satr20239ti@student.nurulfikri.ac.id', NULL, 0),
(458, 3, NULL, 'MUKMINUN', '0110220240', NULL, 'mukm20240ti@student.nurulfikri.ac.id', NULL, 0),
(459, 3, NULL, 'MARIAM', '0110220241', NULL, 'mari20241ti@student.nurulfikri.ac.id', NULL, 0),
(460, 3, NULL, 'ACHMAD IRVAN FAUZI', '0110220242', NULL, 'achm20242ti@student.nurulfikri.ac.id', NULL, 0),
(461, 3, NULL, 'AISYAH MUTMAINNAH', '0110220243', NULL, 'aisy20243ti@student.nurulfikri.ac.id', NULL, 0),
(462, 3, NULL, 'MUHAMMAD RAFI AR-RAZZAQ', '0110220245', NULL, 'muha20245ti@student.nurulfikri.ac.id', NULL, 0),
(463, 3, NULL, 'PRETTI NADA CAHAYA IRAWAN', '0110220246', NULL, 'pret20246ti@student.nurulfikri.ac.id', NULL, 0),
(464, 3, NULL, 'HABIBI', '0110220247', NULL, 'habi20247ti@student.nurulfikri.ac.id', NULL, 0),
(465, 3, NULL, 'S. MUH. YUSUF MAKAWI', '0110220248', NULL, 'smuh20248ti@student.nurulfikri.ac.id', NULL, 0),
(466, 3, NULL, 'RAIHANA CINDY AFIFAH', '0110220249', NULL, 'raih20249ti@student.nurulfikri.ac.id', NULL, 0),
(467, 3, NULL, 'JULKARNAIN', '0110220250', NULL, 'julk20250ti@student.nurulfikri.ac.id', NULL, 0),
(468, 3, NULL, 'AZHAR HARDANI', '0110220251', NULL, 'azha20251ti@student.nurulfikri.ac.id', NULL, 0),
(469, 3, NULL, 'MEUTHIA FARAH HIDAYAH', '0110220252', NULL, 'meut20252ti@student.nurulfikri.ac.id', NULL, 0),
(470, 3, NULL, 'HANFIY ZAMAKSYARY QURTHUBY', '0110220253', NULL, 'hanf20253ti@student.nurulfikri.ac.id', NULL, 0),
(471, 3, NULL, 'REGITA ASRI PRIHANTARI', '0110220254', NULL, 'regi20254ti@student.nurulfikri.ac.id', NULL, 0),
(472, 3, NULL, 'DEA RHAMANTI', '0110220255', NULL, 'dear20255ti@student.nurulfikri.ac.id', NULL, 0),
(473, 3, NULL, 'ARYA TIRANDA WICAKSANA', '0110220257', NULL, 'arya20257ti@student.nurulfikri.ac.id', NULL, 0),
(474, 3, NULL, 'FARREL RIZKY RAMADHAN', '0110220258', NULL, 'farr20258ti@student.nurulfikri.ac.id', NULL, 0),
(475, 3, NULL, 'ALYA SHAFWA WAFIYA', '0110220259', NULL, 'alya20259ti@student.nurulfikri.ac.id', NULL, 0),
(476, 3, NULL, 'RAFIF MULIA RESWARA', '0110220260', NULL, 'rafi20260ti@student.nurulfikri.ac.id', NULL, 0),
(477, 3, NULL, 'AKBAR SATRIO YUDHO HARTONO', '0110220261', NULL, 'akba20261ti@student.nurulfikri.ac.id', NULL, 0),
(478, 3, NULL, 'ALDI AKBAR ALIMI', '0110220262', NULL, 'aldi20262ti@student.nurulfikri.ac.id', NULL, 0);
INSERT INTO `pemilih` (`id`, `id_level`, `foto`, `nama`, `nim`, `no_telp`, `email`, `sandi`, `status`) VALUES
(479, 3, NULL, 'RAKA SETIA RAMADHAN HIDAYAT', '0110220263', NULL, 'raka20263ti@student.nurulfikri.ac.id', NULL, 0),
(480, 3, NULL, 'WIWIN SYAHPUTRA', '0110220264', NULL, 'wiwi20264ti@student.nurulfikri.ac.id', NULL, 0),
(481, 3, NULL, 'FAWWAZ MUBARAK', '0110220265', NULL, 'faww20265ti@student.nurulfikri.ac.id', NULL, 0),
(482, 3, NULL, 'NALDO HABIB NAWAWI', '0110220266', NULL, 'nald20266ti@student.nurulfikri.ac.id', NULL, 0),
(483, 3, NULL, 'DADEN DHARMAWAN', '0110220267', NULL, 'dade20267ti@student.nurulfikri.ac.id', NULL, 0),
(484, 3, NULL, 'M IKHFAR FADILLAH', '0110220268', NULL, 'mikh20268ti@student.nurulfikri.ac.id', NULL, 0),
(485, 3, NULL, 'DAVID OCTAVYANTO', '0110220269', NULL, 'davi20269ti@student.nurulfikri.ac.id', NULL, 0),
(486, 3, NULL, 'ANDHIKA FARUQI ZULKARNAEN', '0110220270', NULL, 'andh20270ti@student.nurulfikri.ac.id', NULL, 0),
(487, 3, NULL, 'MUHAMMAD IRHAM', '0110220272', NULL, 'muha20272ti@student.nurulfikri.ac.id', NULL, 0),
(488, 3, NULL, 'JODI AL HADI', '0110220273', NULL, 'jodi20273ti@student.nurulfikri.ac.id', NULL, 0),
(489, 3, NULL, 'FEBRYAN ALAMSYACH PUTRA', '0110220274', NULL, 'febr20274ti@student.nurulfikri.ac.id', NULL, 0),
(490, 3, NULL, 'MUHAMMAD SAYYID SAJID', '0110220275', NULL, 'muha20275ti@student.nurulfikri.ac.id', NULL, 0),
(491, 3, NULL, 'ADHITYA ALVIANZYAH', '0110220276', NULL, 'adhi20276ti@student.nurulfikri.ac.id', NULL, 0),
(492, 3, NULL, 'SAID AL KHAIRI', '0110220277', NULL, 'said20277ti@student.nurulfikri.ac.id', NULL, 0),
(493, 3, NULL, 'ELBIT NURIYA', '0110220278', NULL, 'elbi20278ti@student.nurulfikri.ac.id', NULL, 0),
(494, 3, NULL, 'RIDDHO FADLY PRADANA', '0110220279', NULL, 'ridd20279ti@student.nurulfikri.ac.id', NULL, 0),
(495, 3, NULL, 'RAFFI PRATAMA PUTRA', '0110220280', NULL, 'raff20280ti@student.nurulfikri.ac.id', NULL, 0),
(496, 3, NULL, 'DIMAS RAMADHANI', '0110220281', NULL, 'dima20281ti@student.nurulfikri.ac.id', NULL, 0),
(497, 3, NULL, 'FARID MUHARI', '0110220282', NULL, 'fari20282ti@student.nurulfikri.ac.id', NULL, 0),
(498, 3, NULL, 'MUCHAMAD MUFTI ZIENDANI', '0110220283', NULL, 'much20283ti@student.nurulfikri.ac.id', NULL, 0),
(499, 3, NULL, 'M .LAZUARDI FIRDAUS', '0110220284', NULL, 'mlaz20284ti@student.nurulfikri.ac.id', NULL, 0),
(500, 3, NULL, 'MAYA SARI', '0110220285', NULL, 'maya20285ti@student.nurulfikri.ac.id', NULL, 0),
(501, 3, NULL, 'ABDULLAH HAFIZ', '0110220286', NULL, 'abdu20286ti@student.nurulfikri.ac.id', NULL, 0),
(502, 3, NULL, 'FARUQ AZIZ SAPUTRA', '0110220287', NULL, 'faru20287ti@student.nurulfikri.ac.id', NULL, 0),
(503, 3, NULL, 'MUHAMMAD ZAINUL ILMI', '0110220288', NULL, 'muha20288ti@student.nurulfikri.ac.id', NULL, 0),
(504, 3, NULL, 'FEBI FEBIYANTI', '0110220289', NULL, 'febi20289ti@student.nurulfikri.ac.id', NULL, 0),
(505, 3, NULL, 'HOERUDIN', '0110220290', NULL, 'hoer20290ti@student.nurulfikri.ac.id', NULL, 0),
(506, 3, NULL, 'NUR MUHAMAD NABIL', '0110220291', NULL, 'nurm20291ti@student.nurulfikri.ac.id', NULL, 0),
(507, 3, NULL, 'Rin Jamain', '0110113010', NULL, 'rinj13010si@student.nurulfikri.ac.id', NULL, 0),
(508, 3, NULL, 'Berry Susanto', '0110113017', NULL, 'berr13017si@student.nurulfikri.ac.id', NULL, 0),
(509, 3, NULL, 'Nadya Yutrianti', '0110114008', NULL, 'nady14008si@student.nurulfikri.ac.id', NULL, 0),
(510, 3, NULL, 'Muhammad Habib', '0110114016', NULL, 'muha14016si@student.nurulfikri.ac.id', NULL, 0),
(511, 3, NULL, 'Ahmad Nashiruddin Wafi', '0110114021', NULL, 'ahma14021si@student.nurulfikri.ac.id', NULL, 0),
(512, 3, NULL, 'Mitasari Nurazizah', '0110115001', NULL, 'mita15001si@student.nurulfikri.ac.id', NULL, 0),
(513, 3, NULL, 'Hasna Mujahidah Amatullah', '0110115007', NULL, 'hasn15007si@student.nurulfikri.ac.id', NULL, 0),
(514, 3, NULL, 'Alfa Paizun', '0110115012', NULL, 'alfa15012si@student.nurulfikri.ac.id', NULL, 0),
(515, 3, NULL, 'Hari Prihastama', '0110115015', NULL, 'hari15015si@student.nurulfikri.ac.id', NULL, 0),
(516, 3, NULL, 'Muhammad Luqni Baehaqi', '0110115024', NULL, 'muha15024si@student.nurulfikri.ac.id', NULL, 0),
(517, 3, NULL, 'Ilah Karmilah', '0110115027', NULL, 'ilah15027si@student.nurulfikri.ac.id', NULL, 0),
(518, 3, NULL, 'Joni Anwar', '0110116005', NULL, 'joni16005si@student.nurulfikri.ac.id', NULL, 0),
(519, 3, NULL, 'Muhamad Idris', '0110116011', NULL, 'muha16011si@student.nurulfikri.ac.id', NULL, 0),
(520, 3, NULL, 'Lazuardi Dwi Putra', '0110116017', NULL, 'lazu16017si@student.nurulfikri.ac.id', NULL, 0),
(521, 3, NULL, 'Yudi Yurnenda', '0110116025', NULL, 'yudi16025si@student.nurulfikri.ac.id', NULL, 0),
(522, 3, NULL, 'Shafura Iryani', '0110116030', NULL, 'shaf16030si@student.nurulfikri.ac.id', NULL, 0),
(523, 3, NULL, 'Satria Yudha', '0110116042', NULL, 'satr16042si@student.nurulfikri.ac.id', NULL, 0),
(524, 3, NULL, 'Muhammad Ridho Fadhillah', '0110116047', NULL, 'muha16047si@student.nurulfikri.ac.id', NULL, 0),
(525, 3, NULL, 'Riyan Hidayattuloh', '0110116055', NULL, 'riya16055si@student.nurulfikri.ac.id', NULL, 0),
(526, 3, NULL, 'Maulana Muhammad Jibril', '0110116061', NULL, 'maul16061si@student.nurulfikri.ac.id', NULL, 0),
(527, 3, NULL, 'Achmad Samuel', '0110117002', NULL, 'achm17002si@student.nurulfikri.ac.id', NULL, 0),
(528, 3, NULL, 'Imam Mustofa', '0110117004', NULL, 'imam17004si@student.nurulfikri.ac.id', NULL, 0),
(529, 3, NULL, 'Irghan Chairul Mufiz', '0110117005', NULL, 'irgh17005si@student.nurulfikri.ac.id', NULL, 0),
(530, 3, NULL, 'Lala Kumala Sari', '0110117006', NULL, 'lala17006si@student.nurulfikri.ac.id', NULL, 0),
(531, 3, NULL, 'Farah Shofiyah', '0110117009', NULL, 'fara17009si@student.nurulfikri.ac.id', NULL, 0),
(532, 3, NULL, 'Rahmat Panji Ramadhan', '0110117010', NULL, 'rahm17010si@student.nurulfikri.ac.id', NULL, 0),
(533, 3, NULL, 'Noviyati Nur Wulan', '0110117012', NULL, 'novi17012si@student.nurulfikri.ac.id', NULL, 0),
(534, 3, NULL, 'Rahmawati Nurlaela', '0110117014', NULL, 'rahm17014si@student.nurulfikri.ac.id', NULL, 0),
(535, 3, NULL, 'sallima hayati', '0110117016', NULL, 'sall17016si@student.nurulfikri.ac.id', NULL, 0),
(536, 3, NULL, 'Silmi Rizqi Ramadhani', '0110117017', NULL, 'silm17017si@student.nurulfikri.ac.id', NULL, 0),
(537, 3, NULL, 'Muhammad Achdiat Fata', '0110117018', NULL, 'muha17018si@student.nurulfikri.ac.id', NULL, 0),
(538, 3, NULL, 'Fitri Kurniasih', '0110117020', NULL, 'fitr17020si@student.nurulfikri.ac.id', NULL, 0),
(539, 3, NULL, 'Miftakhul Arifin', '0110117021', NULL, 'mift17021si@student.nurulfikri.ac.id', NULL, 0),
(540, 3, NULL, 'Fernandes Heriansah', '0110117022', NULL, 'fern17022si@student.nurulfikri.ac.id', NULL, 0),
(541, 3, NULL, 'Achmad Fariz Imadudin', '0110117023', NULL, 'achm17023si@student.nurulfikri.ac.id', NULL, 0),
(542, 3, NULL, 'Jennie Imelia Fitri Sundari', '0110117028', NULL, 'jenn17028si@student.nurulfikri.ac.id', NULL, 0),
(543, 3, NULL, 'Robiah Qoyimah', '0110117030', NULL, 'robi17030si@student.nurulfikri.ac.id', NULL, 0),
(544, 3, NULL, 'Ayu Amalia', '0110117034', NULL, 'ayua17034si@student.nurulfikri.ac.id', NULL, 0),
(545, 3, NULL, 'Jafar Muhammad Ubadah', '0110117036', NULL, 'jafa17036si@student.nurulfikri.ac.id', NULL, 0),
(546, 3, NULL, 'Tanalina Rahma Ilahiyah', '0110117039', NULL, 'tana17039si@student.nurulfikri.ac.id', NULL, 0),
(547, 3, NULL, 'Karina Sukmawati', '0110117040', NULL, 'kari17040si@student.nurulfikri.ac.id', NULL, 0),
(548, 3, NULL, 'Farras Syafira Susilo', '0110117041', NULL, 'farr17041si@student.nurulfikri.ac.id', NULL, 0),
(549, 3, NULL, 'RISKY PANDU SETIANINGRUM', '0110118001', NULL, 'risk18001si@student.nurulfikri.ac.id', NULL, 0),
(550, 3, NULL, 'ANNISA KURNIA RABIAL', '0110118002', NULL, 'anni18002si@student.nurulfikri.ac.id', NULL, 0),
(551, 3, NULL, 'TIRSAN', '0110118003', NULL, 'tirs18003si@student.nurulfikri.ac.id', NULL, 0),
(552, 3, NULL, 'ODE ZULKIFLI', '0110118004', NULL, 'odez18004si@student.nurulfikri.ac.id', NULL, 0),
(553, 3, NULL, 'NABILA NUR CAHYANI', '0110118005', NULL, 'nabi18005si@student.nurulfikri.ac.id', NULL, 0),
(554, 3, NULL, 'SRI DEFI MAULIDIYAWATI ISNAENI', '0110118006', NULL, 'srid18006si@student.nurulfikri.ac.id', NULL, 0),
(555, 3, NULL, 'HIZIANATUL MAHWAHULHUSNA', '0110118007', NULL, 'hizi18007si@student.nurulfikri.ac.id', NULL, 0),
(556, 3, NULL, 'EVELYN LUTFIANA', '0110118008', NULL, 'evel18008si@student.nurulfikri.ac.id', NULL, 0),
(557, 3, NULL, 'INDIKA NURFANSYAH', '0110118009', NULL, 'indi18009si@student.nurulfikri.ac.id', NULL, 0),
(558, 3, NULL, 'APRILIA DWI LESTARI', '0110118012', NULL, 'apri18012si@student.nurulfikri.ac.id', NULL, 0),
(559, 3, NULL, 'ATEN FAITUH RAHMAN', '0110118013', NULL, 'aten18013si@student.nurulfikri.ac.id', NULL, 0),
(560, 3, NULL, 'R. IDUL LANNUARY HUTAGALUNG', '0110118014', NULL, 'ridu18014si@student.nurulfikri.ac.id', NULL, 0),
(561, 3, NULL, 'NUR ALIFAH', '0110118015', NULL, 'nura18015si@student.nurulfikri.ac.id', NULL, 0),
(562, 3, NULL, 'TABRONI', '0110118016', NULL, 'tabr18016si@student.nurulfikri.ac.id', NULL, 0),
(563, 3, NULL, 'DULSAID', '0110118017', NULL, 'duls18017si@student.nurulfikri.ac.id', NULL, 0),
(564, 3, NULL, 'ALI SURYA LESMANA', '0110118018', NULL, 'alis18018si@student.nurulfikri.ac.id', NULL, 0),
(565, 3, NULL, 'WAWAN HOERUMAN', '0110118019', NULL, 'wawa18019si@student.nurulfikri.ac.id', NULL, 0),
(566, 3, NULL, 'R MUH HAFIZH IQBAL FAUZI', '0110118020', NULL, 'rmuh18020si@student.nurulfikri.ac.id', NULL, 0),
(567, 3, NULL, 'IKRAM', '0110118021', NULL, 'ikra18021si@student.nurulfikri.ac.id', NULL, 0),
(568, 3, NULL, 'WIDYA NOVIANINGSIH', '0110118022', NULL, 'widy18022si@student.nurulfikri.ac.id', NULL, 0),
(569, 3, NULL, 'PUTRI SANIA', '0110118024', NULL, 'putr18024si@student.nurulfikri.ac.id', NULL, 0),
(570, 3, NULL, 'MIBTAH SARI DELI', '0110118025', NULL, 'mibt18025si@student.nurulfikri.ac.id', NULL, 0),
(571, 3, NULL, 'YUNI KARTIKA', '0110118026', NULL, 'yuni18026si@student.nurulfikri.ac.id', NULL, 0),
(572, 3, NULL, 'MUHAMMAD DIKMAS PRIHANTARA', '0110118028', NULL, 'muha18028si@student.nurulfikri.ac.id', NULL, 0),
(573, 3, NULL, 'VINI UNIQA TAZKIA AZZAHRA', '0110118030', NULL, 'vini18030si@student.nurulfikri.ac.id', NULL, 0),
(574, 3, NULL, 'MUJAHID HAQI ROBANI', '0110118032', NULL, 'muja18032si@student.nurulfikri.ac.id', NULL, 0),
(575, 3, NULL, 'NURFAUZIAH ARAFAH', '0110118033', NULL, 'nurf18033si@student.nurulfikri.ac.id', NULL, 0),
(576, 3, NULL, 'ARINA FADLILA', '0110118035', NULL, 'arin18035si@student.nurulfikri.ac.id', NULL, 0),
(577, 3, NULL, 'NABILLA NURIANI', '0110118037', NULL, 'nabi18037si@student.nurulfikri.ac.id', NULL, 0),
(578, 3, NULL, 'WIDI ANNISSAH', '0110118039', NULL, 'widi18039si@student.nurulfikri.ac.id', NULL, 0),
(579, 4, NULL, 'MIFTAHUSSA\'ADAH PUTRI SIDDIQ', '0110118040', NULL, 'mift18040@student.nurulfikri.ac.id', '2a5e912146795adb328bca7588d1882695afa36a', 1),
(580, 3, NULL, 'MAYANG DAMAYANTI', '0110118041', NULL, 'maya18041si@student.nurulfikri.ac.id', NULL, 0),
(581, 3, NULL, 'ABDURACHMAN ROMZY', '0110118046', NULL, 'abdu18046si@student.nurulfikri.ac.id', NULL, 0),
(582, 3, NULL, 'ADI GUNAWAN', '0110118047', NULL, 'adig18047si@student.nurulfikri.ac.id', NULL, 0),
(583, 3, NULL, 'ZHIHAN FAUZIA', '0110118049', NULL, 'zhih18049si@student.nurulfikri.ac.id', NULL, 0),
(584, 3, NULL, 'A ANIKA', '0110118050', NULL, 'aani18050si@student.nurulfikri.ac.id', NULL, 0),
(585, 3, NULL, 'CHRISTANTIO DWI SAPUTRA', '0110118052', NULL, 'chri18052si@student.nurulfikri.ac.id', NULL, 0),
(586, 3, NULL, 'MUHAMMAD IBNU AL FIDA', '0110118053', NULL, 'muha18053si@student.nurulfikri.ac.id', NULL, 0),
(587, 3, NULL, 'NETI APRILIANTI', '0110118054', NULL, 'neti18054si@student.nurulfikri.ac.id', NULL, 0),
(588, 3, NULL, 'NADILA OKTAVIANI', '0110118055', NULL, 'nadi18055si@student.nurulfikri.ac.id', NULL, 0),
(589, 3, NULL, 'IRFAN RAHMATCHUSEIN', '0110118056', NULL, 'irfa18056si@student.nurulfikri.ac.id', NULL, 0),
(590, 3, NULL, 'MUSYAFFA AHMAD SYAUQI', '0110118057', NULL, 'musy18057si@student.nurulfikri.ac.id', NULL, 0),
(591, 3, NULL, 'ROZA ARIANI', '0110118058', NULL, 'roza18058si@student.nurulfikri.ac.id', NULL, 0),
(592, 3, NULL, 'HADYAN ABDUL AZIZ', '0110118059', NULL, 'hady18059si@student.nurulfikri.ac.id', NULL, 0),
(593, 3, NULL, 'AYU DWI SUNDARI', '0110118061', NULL, 'ayud18061si@student.nurulfikri.ac.id', NULL, 0),
(594, 3, NULL, 'MUHADI', '0110118063', NULL, 'muha18063si@student.nurulfikri.ac.id', NULL, 0),
(595, 3, NULL, 'HANIEF FATHURRAHMAN', '0110119001', NULL, 'hani19001si@student.nurulfikri.ac.id', NULL, 0),
(596, 3, NULL, 'REDI RAMDANI', '0110119003', NULL, 'redi19003si@student.nurulfikri.ac.id', NULL, 0),
(597, 3, NULL, 'DIVA HERMANSAH', '0110119006', NULL, 'diva19006si@student.nurulfikri.ac.id', NULL, 0),
(598, 3, NULL, 'ALDO ALEYANDRA', '0110119007', NULL, 'aldo19007si@student.nurulfikri.ac.id', NULL, 0),
(599, 3, NULL, 'ANTON', '0110119009', NULL, 'anto19009si@student.nurulfikri.ac.id', NULL, 0),
(600, 3, NULL, 'YUSUF SIDIQ', '0110119011', NULL, 'yusu19011si@student.nurulfikri.ac.id', NULL, 0),
(601, 3, NULL, 'RIZQI IKBAL SEPTYAN MUNAWAR', '0110119013', NULL, 'rizq19013si@student.nurulfikri.ac.id', NULL, 0),
(602, 3, NULL, 'MUHAMAD FAUZAN', '0110119015', NULL, 'muha19015si@student.nurulfikri.ac.id', NULL, 0),
(603, 3, NULL, 'ANIS RESTU SEPTIYANI', '0110119017', NULL, 'anis19017si@student.nurulfikri.ac.id', NULL, 0),
(604, 3, NULL, 'NURANI OKTAVIA', '0110119018', NULL, 'nura19018si@student.nurulfikri.ac.id', NULL, 0),
(605, 3, NULL, 'SYADZA QONITAH', '0110119020', NULL, 'syad19020si@student.nurulfikri.ac.id', NULL, 0),
(606, 3, NULL, 'WINDI ANDRIANI', '0110119023', NULL, 'wind19023si@student.nurulfikri.ac.id', NULL, 0),
(607, 3, NULL, 'ZAKIYYAH WARDAH', '0110119025', NULL, 'zaki19025si@student.nurulfikri.ac.id', NULL, 0),
(608, 3, NULL, 'MUH ADI YASAR', '0110119026', NULL, 'muha19026si@student.nurulfikri.ac.id', NULL, 0),
(609, 3, NULL, 'SYAHRUL KIROM', '0110119027', NULL, 'syah19027si@student.nurulfikri.ac.id', NULL, 0),
(610, 3, NULL, 'JUSMAN ALI M.KABES', '0110119029', NULL, 'jusm19029si@student.nurulfikri.ac.id', NULL, 0),
(611, 3, NULL, 'RIDHO AKBARI', '0110119034', NULL, 'ridh19034si@student.nurulfikri.ac.id', NULL, 0),
(612, 3, NULL, 'MUHAMMAD AZZAM FIKRI', '0110119037', NULL, 'muha19037si@student.nurulfikri.ac.id', NULL, 0),
(613, 3, NULL, 'AHMAD FARISY', '0110119039', NULL, 'ahma19039si@student.nurulfikri.ac.id', NULL, 0),
(614, 3, NULL, 'ABDURRAUF ZAHID HANAFI', '0110119041', NULL, 'abdu19041si@student.nurulfikri.ac.id', NULL, 0),
(615, 3, NULL, 'AMANAH AFIFAH', '0110119042', NULL, 'aman19042si@student.nurulfikri.ac.id', NULL, 0),
(616, 3, NULL, 'EVYLIA YANUAR LAILY', '0110119043', NULL, 'evyl19043si@student.nurulfikri.ac.id', NULL, 0),
(617, 3, NULL, 'MUHAMMAD RAFI\' SYAAMIL', '0110119045', NULL, 'muha19045si@student.nurulfikri.ac.id', NULL, 0),
(618, 3, NULL, 'ANDIKA NUR SASMITO', '0110119046', NULL, 'andi19046si@student.nurulfikri.ac.id', NULL, 0),
(619, 3, NULL, 'NUR LIZA WALI', '0110119049', NULL, 'nurl19049si@student.nurulfikri.ac.id', NULL, 0),
(620, 3, NULL, 'TINA BUTON', '0110119051', NULL, 'tina19051si@student.nurulfikri.ac.id', NULL, 0),
(621, 3, NULL, 'MUHAMMAD FAKHRURROZI', '0110119052', NULL, 'muha19052si@student.nurulfikri.ac.id', NULL, 0),
(622, 3, NULL, 'JOKO TRI ARIYANTO', '0110119053', NULL, 'joko19053si@student.nurulfikri.ac.id', NULL, 0),
(623, 3, NULL, 'MUHAMMAD HANIF', '0110119056', NULL, 'muha19056si@student.nurulfikri.ac.id', NULL, 0),
(624, 3, NULL, 'ANNISA NURUL KAZHIMAH', '0110119058', NULL, 'anni19058si@student.nurulfikri.ac.id', NULL, 0),
(625, 3, NULL, 'LUTFFIYAH NAJAH', '0110119059', NULL, 'lutf19059si@student.nurulfikri.ac.id', NULL, 0),
(626, 3, NULL, 'SUKMAYAJI', '0110119060', NULL, 'sukm19060si@student.nurulfikri.ac.id', NULL, 0),
(627, 3, NULL, 'ABDUL ROZAK', '0110119061', NULL, 'abdu19061si@student.nurulfikri.ac.id', NULL, 0),
(628, 3, NULL, 'ARINA SHOLIHA', '0110119065', NULL, 'arin19065si@student.nurulfikri.ac.id', NULL, 0),
(629, 3, NULL, 'SYACHDAT AKMAL ALKAHFI', '0110119066', NULL, 'syac19066si@student.nurulfikri.ac.id', NULL, 0),
(630, 3, NULL, 'ANNISA RUSYDAH', '0110119067', NULL, 'anni19067si@student.nurulfikri.ac.id', NULL, 0),
(631, 3, NULL, 'AKMAL MAULANA', '0110119068', NULL, 'akma19068si@student.nurulfikri.ac.id', NULL, 0),
(632, 3, NULL, 'TIA MONIKA', '0110119069', NULL, 'tiam19069si@student.nurulfikri.ac.id', NULL, 0),
(633, 3, NULL, 'BONDAN GLENNDY SHYAFIQ NUGROHO', '0110119070', NULL, 'bond19070si@student.nurulfikri.ac.id', NULL, 0),
(634, 3, NULL, 'ZULFAH ABYYAH', '0110119073', NULL, 'zulf19073si@student.nurulfikri.ac.id', NULL, 0),
(635, 3, NULL, 'DAFFA RAIHAN MUSTOFA', '0110119076', NULL, 'daff19076si@student.nurulfikri.ac.id', NULL, 0),
(636, 3, NULL, 'SYAHRIFAL ANWAR', '0110120001', NULL, 'syah20001si@student.nurulfikri.ac.id', '0efba6a98fd0a13fbfaaf4668fa111db41d8fb10', 1),
(637, 3, NULL, 'ABDULLAH MUMTAZ', '0110120002', NULL, 'abdu20002si@student.nurulfikri.ac.id', NULL, 0),
(638, 3, NULL, 'MUHAMMAD AFIF', '0110120003', NULL, 'muha20003si@student.nurulfikri.ac.id', NULL, 0),
(639, 3, NULL, 'BIYAN ABBIYA NUR FATIH', '0110120004', NULL, 'biya20004si@student.nurulfikri.ac.id', NULL, 0),
(640, 3, NULL, 'ADHITYA RAHMAN', '0110120005', NULL, 'adhi20005si@student.nurulfikri.ac.id', NULL, 0),
(641, 3, NULL, 'GISELA PRADEALPA', '0110120006', NULL, 'gise20006si@student.nurulfikri.ac.id', NULL, 0),
(642, 3, NULL, 'DJAYA PAMUNGKAS', '0110120007', NULL, 'djay20007si@student.nurulfikri.ac.id', NULL, 0),
(643, 3, NULL, 'RIZKI MUHAMMAD YUSUF', '0110120008', NULL, 'rizk20008si@student.nurulfikri.ac.id', NULL, 0),
(644, 3, NULL, 'SITI NURCHOLIS', '0110120009', NULL, 'siti20009si@student.nurulfikri.ac.id', NULL, 0),
(645, 3, NULL, 'MIA APRILIA SATYA', '0110120010', NULL, 'miaa20010si@student.nurulfikri.ac.id', NULL, 0),
(646, 3, NULL, 'AROFAH WINDA SAPUTRI', '0110120011', NULL, 'arof20011si@student.nurulfikri.ac.id', NULL, 0),
(647, 3, NULL, 'LUTHFIAH SHAFA AZZAHRA', '0110120012', NULL, 'luth20012si@student.nurulfikri.ac.id', NULL, 0),
(648, 3, NULL, 'YUNITA ZAM ZAM MANIK', '0110120013', NULL, 'yuni20013si@student.nurulfikri.ac.id', NULL, 0),
(649, 3, NULL, 'MOCH FIKRI RAMADHAN', '0110120014', NULL, 'moch20014si@student.nurulfikri.ac.id', NULL, 0),
(650, 3, NULL, 'AHMAD ILHAM', '0110120015', NULL, 'ahma20015si@student.nurulfikri.ac.id', NULL, 0),
(651, 3, NULL, 'DIMAS SYAHRUL FIRDAUS', '0110120016', NULL, 'dima20016si@student.nurulfikri.ac.id', NULL, 0),
(652, 3, NULL, 'DIAN ISLAMIATI', '0110120017', NULL, 'dian20017si@student.nurulfikri.ac.id', NULL, 0),
(653, 3, NULL, 'SHALIAH FUTRI RAMADHANI', '0110120018', NULL, 'shal20018si@student.nurulfikri.ac.id', NULL, 0),
(654, 3, NULL, 'SUSAN SAFIRA', '0110120019', NULL, 'susa20019si@student.nurulfikri.ac.id', NULL, 0),
(655, 3, NULL, 'RAIHAN DAFFA AZIZ', '0110120020', NULL, 'raih20020si@student.nurulfikri.ac.id', NULL, 0),
(656, 3, NULL, 'SHALAHUDIN HIKAM AL AYUBI', '0110120022', NULL, 'shal20022si@student.nurulfikri.ac.id', NULL, 0),
(657, 3, NULL, 'WILDA LULU\'ATUL MAQFIROH', '0110120023', NULL, 'wild20023si@student.nurulfikri.ac.id', NULL, 0),
(658, 3, NULL, 'RACHMAT ARIEF MURDITANTO', '0110120024', NULL, 'rach20024si@student.nurulfikri.ac.id', NULL, 0),
(659, 3, NULL, 'MUHAMMAD NUR RIZQI SAPUTRA', '0110120025', NULL, 'muha20025si@student.nurulfikri.ac.id', NULL, 0),
(660, 3, NULL, 'DYAH NAJUNDA SALSABILA', '0110120026', NULL, 'dyah20026si@student.nurulfikri.ac.id', NULL, 0),
(661, 3, NULL, 'VIRA VEBRIYANTI', '0110120027', NULL, 'vira20027si@student.nurulfikri.ac.id', NULL, 0),
(662, 3, NULL, 'ROSSALINA PUTRI', '0110120028', NULL, 'ross20028si@student.nurulfikri.ac.id', NULL, 0),
(663, 3, NULL, 'SHOLAHUDDIN ALFARISYI', '0110120029', NULL, 'shol20029si@student.nurulfikri.ac.id', NULL, 0),
(664, 3, NULL, 'AISYAH', '0110120030', NULL, 'aisy20030si@student.nurulfikri.ac.id', NULL, 0),
(665, 3, NULL, 'NURAINI FEBRIANTI', '0110120031', NULL, 'nura20031si@student.nurulfikri.ac.id', NULL, 0),
(666, 3, NULL, 'SALMA SALSABILLA FITRAH', '0110120032', NULL, 'salm20032si@student.nurulfikri.ac.id', NULL, 0),
(667, 3, NULL, 'SALWA NABILLA FITRAH', '0110120033', NULL, 'salw20033si@student.nurulfikri.ac.id', NULL, 0),
(668, 3, NULL, 'SRI AULIANI TRISNA', '0110120034', NULL, 'sria20034si@student.nurulfikri.ac.id', NULL, 0),
(669, 3, NULL, 'SYAHLA FARA FADHILAH', '0110120035', NULL, 'syah20035si@student.nurulfikri.ac.id', NULL, 0),
(670, 3, NULL, 'REGITA ARI KRISTIANTI BR SINAGA', '0110120036', NULL, 'regi20036si@student.nurulfikri.ac.id', NULL, 0),
(671, 3, NULL, 'DEVITA CAHYANI RAHMADAN', '0110120037', NULL, 'devi20037si@student.nurulfikri.ac.id', NULL, 0),
(672, 3, NULL, 'ANISSA PUTRI ANGGRAINI', '0110120039', NULL, 'anis20039si@student.nurulfikri.ac.id', NULL, 0),
(673, 3, NULL, 'RINA NINGSIH', '0110120041', NULL, 'rina20041si@student.nurulfikri.ac.id', NULL, 0),
(674, 3, NULL, 'REYHANSYAH', '0110120043', NULL, 'reyh20043si@student.nurulfikri.ac.id', NULL, 0),
(675, 3, NULL, 'CATURY CHAERANI', '0110120044', NULL, 'catu20044si@student.nurulfikri.ac.id', NULL, 0),
(676, 3, NULL, 'SALSABILA', '0110120045', NULL, 'sals20045si@student.nurulfikri.ac.id', NULL, 0),
(677, 3, NULL, 'AYU LESTARI', '0110120046', NULL, 'ayul20046si@student.nurulfikri.ac.id', NULL, 0),
(678, 3, NULL, 'MUHAMMAD FAQIH', '0110120047', NULL, 'muha20047si@student.nurulfikri.ac.id', NULL, 0),
(679, 3, NULL, 'DESSY FITRIYANI DEWI', '0110120048', NULL, 'dess20048si@student.nurulfikri.ac.id', NULL, 0),
(680, 3, NULL, 'ARIF BUDIMAN', '0110120049', NULL, 'arif20049si@student.nurulfikri.ac.id', NULL, 0),
(681, 3, NULL, 'MUHAMMAD RIFQI NABIL', '0110120050', NULL, 'muha20050si@student.nurulfikri.ac.id', NULL, 0),
(682, 3, NULL, 'SYAKIR ABDUL HAMID', '0110120053', NULL, 'syak20053si@student.nurulfikri.ac.id', NULL, 0),
(683, 3, NULL, 'MAULIDYA SYIFA', '0110120054', NULL, 'maul20054si@student.nurulfikri.ac.id', NULL, 0),
(684, 3, NULL, 'LU`LU-UL MUKSIN', '0110120055', NULL, 'lulu20055si@student.nurulfikri.ac.id', NULL, 0),
(685, 3, NULL, 'MUHAMMAD AKBAR IZZATI', '0110120056', NULL, 'muha20056si@student.nurulfikri.ac.id', NULL, 0),
(686, 3, NULL, 'SALMA \'AFIFAH', '0110120057', NULL, 'salm20057si@student.nurulfikri.ac.id', NULL, 0),
(687, 3, NULL, 'SYAHRUL RAMADHAN ASY SYAKIR', '0110120058', NULL, 'syah20058si@student.nurulfikri.ac.id', NULL, 0),
(688, 3, NULL, 'AHMAD SHALAHUDDIN MUKTARY', '0110120059', NULL, 'ahma20059si@student.nurulfikri.ac.id', NULL, 0),
(689, 3, NULL, 'DIFTA ZAHARA', '0110120060', NULL, 'dift20060si@student.nurulfikri.ac.id', NULL, 0),
(690, 3, NULL, 'MAULANA ZAKKI FIRMANSYAH', '0110120061', NULL, 'maul20061si@student.nurulfikri.ac.id', NULL, 0),
(691, 3, NULL, 'AFUZA FAUZAN AZHIMA', '0110120062', NULL, 'afuz20062si@student.nurulfikri.ac.id', NULL, 0),
(692, 3, NULL, 'IBNU SAID ALFARIZI', '0110120063', NULL, 'ibnu20063si@student.nurulfikri.ac.id', NULL, 0),
(693, 3, NULL, 'SULTHANI SYAHBIE ALGHIFFARY', '0110120064', NULL, 'sult20064si@student.nurulfikri.ac.id', NULL, 0),
(694, 3, NULL, 'NURUS SAHLAH', '0110120065', NULL, 'nuru20065si@student.nurulfikri.ac.id', NULL, 0),
(695, 3, NULL, 'MOHAMMAD FIRDAUS', '0110120066', NULL, 'moha20066si@student.nurulfikri.ac.id', NULL, 0),
(696, 3, NULL, 'EGO PRANANDA', '0110120067', NULL, 'egop20067si@student.nurulfikri.ac.id', NULL, 0),
(697, 3, NULL, 'HANNY EKA NURJANAH', '0110120071', NULL, 'hann20071si@student.nurulfikri.ac.id', NULL, 0),
(698, 3, NULL, 'IMAM MUNIIF WIDAAD', '0110120072', NULL, 'imam20072si@student.nurulfikri.ac.id', NULL, 0),
(699, 3, NULL, 'MEGA AGUSTIN AZZAHRA', '0110120073', NULL, 'mega20073si@student.nurulfikri.ac.id', NULL, 0),
(700, 3, NULL, 'DAFFA KHALISH HARDY PUTRA', '0110120074', NULL, 'daff20074si@student.nurulfikri.ac.id', NULL, 0),
(701, 3, NULL, 'MAULANA ARIANSYAH', '0110120075', NULL, 'maul20075si@student.nurulfikri.ac.id', NULL, 0),
(702, 3, NULL, 'SITI PUJAYANSYAH', '0110120076', NULL, 'siti20076si@student.nurulfikri.ac.id', NULL, 0),
(703, 3, NULL, 'AISYA RIZKIA', '0110120077', NULL, 'aisy20077si@student.nurulfikri.ac.id', NULL, 0),
(704, 3, NULL, 'MUHAMMAD BAIHAKI ASEPTIAN', '0110120078', NULL, 'muha20078si@student.nurulfikri.ac.id', NULL, 0),
(705, 3, NULL, 'AHMAD BAHARUDIN FATULLOH', '0110120079', NULL, 'ahma20079si@student.nurulfikri.ac.id', NULL, 0),
(706, 3, NULL, 'RITA AWALIYAH', '0110120080', NULL, 'rita20080si@student.nurulfikri.ac.id', NULL, 0),
(707, 3, NULL, 'IQBAL IBRAHIM', '0110120081', NULL, 'iqba20081si@student.nurulfikri.ac.id', NULL, 0),
(708, 3, NULL, 'ILHAN PUTRA PERDANA', '0110120082', NULL, 'ilha20082si@student.nurulfikri.ac.id', NULL, 0),
(709, 3, NULL, 'RUDI IRAWAN', '0110120083', NULL, 'rudi20083si@student.nurulfikri.ac.id', NULL, 0),
(710, 3, NULL, 'SHALIH AHMAD SYAUQI', '0110120084', NULL, 'shal20084si@student.nurulfikri.ac.id', NULL, 0),
(711, 3, NULL, 'AHMAD FAUZAN RAMDHANI', '0110120086', NULL, 'ahma20086si@student.nurulfikri.ac.id', NULL, 0),
(712, 3, NULL, 'SAYYID HAMZAH \'AZZAMI', '0110120087', NULL, 'sayy20087si@student.nurulfikri.ac.id', NULL, 0),
(713, 3, NULL, 'GEMPITA LARASATI', '0110120088', NULL, 'gemp20088si@student.nurulfikri.ac.id', NULL, 0),
(714, 3, NULL, 'LUTFIAH SUNGKAR', '0110120089', NULL, 'lutf20089si@student.nurulfikri.ac.id', NULL, 0),
(715, 3, NULL, 'IQBAL AL HAKIM', '0110120090', NULL, 'iqba20090si@student.nurulfikri.ac.id', NULL, 0),
(716, 3, NULL, 'FAIZAH SAUSAN AZIMAH', '0110120091', NULL, 'faiz20091si@student.nurulfikri.ac.id', NULL, 0),
(717, 3, NULL, 'RISMA AMALIA SHALOOM', '0110120092', NULL, 'rism20092si@student.nurulfikri.ac.id', NULL, 0),
(718, 3, NULL, 'VINA. S', '0110120093', NULL, 'vina20093si@student.nurulfikri.ac.id', NULL, 0),
(719, 3, NULL, 'IZZATUNA HANIFA', '0110120094', NULL, 'izza20094si@student.nurulfikri.ac.id', NULL, 0),
(720, 3, NULL, 'MUHAMMAD IQBALUL AZZAM', '0110120096', NULL, 'muha20096si@student.nurulfikri.ac.id', NULL, 0),
(721, 3, NULL, 'FARAH MINERVA ASHILAH OLII', '0110120097', NULL, 'fara20097si@student.nurulfikri.ac.id', NULL, 0),
(722, 3, NULL, 'GIGIH NOVIKA SURYANDARI', '0110120099', NULL, 'gigi20099si@student.nurulfikri.ac.id', NULL, 0),
(723, 3, NULL, 'HASAN AL BANNA', '0110120100', NULL, 'hasa20100si@student.nurulfikri.ac.id', NULL, 0),
(724, 3, NULL, 'JENIFER JOHANDA PINGKAN', '0110120101', NULL, 'jeni20101si@student.nurulfikri.ac.id', NULL, 0),
(725, 3, NULL, 'NAILA ROHMATUL FADILAH', '0110120102', NULL, 'nail20102si@student.nurulfikri.ac.id', NULL, 0),
(726, 3, NULL, 'ANISA YUNIARTI', '0110120103', NULL, 'anis20103si@student.nurulfikri.ac.id', NULL, 0),
(727, 3, NULL, 'ASHIFA BELLA LABORAHIMA', '0110120104', NULL, 'ashi20104si@student.nurulfikri.ac.id', NULL, 0),
(728, 3, NULL, 'MUHAMMAD FATA SIDQI', '0110120105', NULL, 'muha20105si@student.nurulfikri.ac.id', NULL, 0),
(729, 3, NULL, 'BUNGA FEBRIA DONA', '0110120106', NULL, 'bung20106si@student.nurulfikri.ac.id', NULL, 0),
(730, 3, NULL, 'MUHAMMAD ZAIDAN ILMI', '0110120107', NULL, 'muha20107si@student.nurulfikri.ac.id', NULL, 0),
(731, 3, NULL, 'MUHAMAD IRFAN MAULANA', '0110120108', NULL, 'muha20108si@student.nurulfikri.ac.id', NULL, 0),
(732, 3, NULL, 'FIQIH FAISAL THORMUM', '0110120109', NULL, 'fiqi20109si@student.nurulfikri.ac.id', NULL, 0),
(733, 3, NULL, 'NADA KAMILIA', '011012110', NULL, 'nada2110si@student.nurulfikri.ac.id', NULL, 0),
(734, 3, NULL, 'IQBAL NAVELIANO', '0110120111', NULL, 'iqba20111si@student.nurulfikri.ac.id', NULL, 0),
(735, 3, NULL, 'NURKHOLIS FADIL', '0110120112', NULL, 'nurk20112si@student.nurulfikri.ac.id', NULL, 0),
(736, 3, NULL, 'EPRI LIYANTO', '0110120113', NULL, 'epri20113si@student.nurulfikri.ac.id', NULL, 0),
(737, 3, NULL, 'MUSTHAFA ZAIDAN', '0110120114', NULL, 'must20114si@student.nurulfikri.ac.id', NULL, 0),
(738, 3, NULL, 'SOFIL MUNA AULIA', '0110120115', NULL, 'sofi20115si@student.nurulfikri.ac.id', NULL, 0),
(739, 3, NULL, 'SALMA AFIFAH', '0110120116', NULL, 'salm20116si@student.nurulfikri.ac.id', NULL, 0),
(740, 3, NULL, 'MUHAMMAD AD-DURROH MUBAROK', '0110120117', NULL, 'muha20117si@student.nurulfikri.ac.id', NULL, 0),
(741, 3, NULL, 'AHMAD ASEP NURFADILLAH', '0110120118', NULL, 'ahma20118si@student.nurulfikri.ac.id', NULL, 0),
(742, 3, NULL, 'ADI ARDIANSAH', '0110120119', NULL, 'adia20119si@student.nurulfikri.ac.id', NULL, 0),
(743, 3, NULL, 'MUHAMMAD NUR RAFIQ', '0110120120', NULL, 'muha20120si@student.nurulfikri.ac.id', NULL, 0),
(744, 3, NULL, 'ILYAS FARRAS ABIYYA', '0110120121', NULL, 'ilya20121si@student.nurulfikri.ac.id', NULL, 0),
(745, 3, NULL, 'VINA NURHASANAH', '0110120122', NULL, 'vina20122si@student.nurulfikri.ac.id', NULL, 0),
(746, 3, NULL, 'SILVI RAHMADINA', '0110120123', NULL, 'silv20123si@student.nurulfikri.ac.id', NULL, 0),
(747, 3, NULL, 'FATIMATUL AZZAHRA', '0110120124', NULL, 'fati20124si@student.nurulfikri.ac.id', NULL, 0),
(748, 3, NULL, 'SAYED SULTAN QOIS ELHAQ', '0110120125', NULL, 'saye20125si@student.nurulfikri.ac.id', NULL, 0),
(749, 3, NULL, 'MUHAMMAD ADLI AZZAM', '0110120131', NULL, 'muha20131si@student.nurulfikri.ac.id', NULL, 0),
(750, 3, NULL, 'DANIEL ADI SAPUTRA', '0110120132', NULL, 'dani20132si@student.nurulfikri.ac.id', NULL, 0),
(751, 3, NULL, 'DEA AWALIYAH', '0110120133', NULL, 'deaa20133si@student.nurulfikri.ac.id', NULL, 0),
(752, 3, NULL, 'MUHAMMAD KEMAL SOLICHIN', '0110120134', NULL, 'muha20134si@student.nurulfikri.ac.id', NULL, 0),
(753, 3, NULL, 'MIRANTI ANDJANI', '0110120135', NULL, 'mira20135si@student.nurulfikri.ac.id', NULL, 0),
(754, 3, NULL, 'ZULLIA TRI LESTARI', '0110120136', NULL, 'zull20136si@student.nurulfikri.ac.id', NULL, 0),
(755, 3, NULL, 'MUHAMMAD NABIL', '0110120137', NULL, 'muha20137si@student.nurulfikri.ac.id', NULL, 0),
(756, 3, NULL, 'ANNISA DWIYANI', '0110120138', NULL, 'anni20138si@student.nurulfikri.ac.id', NULL, 0),
(757, 3, NULL, 'INAS SAJIDAH', '0110120139', NULL, 'inas20139si@student.nurulfikri.ac.id', NULL, 0),
(758, 3, NULL, 'LINDA AFRIANI', '0110120140', NULL, 'lind20140si@student.nurulfikri.ac.id', NULL, 0),
(759, 3, NULL, 'NAFISAH', '0110120141', NULL, 'nafi20141si@student.nurulfikri.ac.id', NULL, 0),
(760, 3, NULL, 'ARIF SATRIYO NUR ALVIAN PURNAMA', '0110120142', NULL, 'arif20142si@student.nurulfikri.ac.id', NULL, 0),
(761, 3, NULL, 'AYUDIA ROSMAYANI', '0110120143', NULL, 'ayud20143si@student.nurulfikri.ac.id', NULL, 0),
(762, 3, NULL, 'NURASRI FEBRIYANTI', '0110120144', NULL, 'nura20144si@student.nurulfikri.ac.id', NULL, 0),
(763, 3, NULL, 'ABIYYU MUHAMMAD ARIF', '0110120145', NULL, 'abiy20145si@student.nurulfikri.ac.id', NULL, 0),
(764, 3, NULL, 'THARIQ RABBANI', '0110120146', NULL, 'thar20146si@student.nurulfikri.ac.id', NULL, 0),
(765, 3, NULL, 'MOCHAMAD ALAMSYAH', '0110120147', NULL, 'moch20147si@student.nurulfikri.ac.id', NULL, 0),
(766, 3, NULL, 'GITHA AYULYA ALZAHRA', '0110120148', NULL, 'gith20148si@student.nurulfikri.ac.id', NULL, 0),
(767, 3, NULL, 'ASEP HILMAN ZK', '0110120149', NULL, 'asep20149si@student.nurulfikri.ac.id', NULL, 0),
(768, 3, NULL, 'SALWA RAFIDAH', '0110120150', NULL, 'salw20150si@student.nurulfikri.ac.id', NULL, 0),
(769, 3, NULL, 'INTAN NURHALIZA', '0110120153', NULL, 'inta20153si@student.nurulfikri.ac.id', NULL, 0),
(770, 3, NULL, 'MUHAMMAD ZIDNY', '0110120154', NULL, 'muha20154si@student.nurulfikri.ac.id', NULL, 0),
(771, 3, NULL, 'AFRA AFIAH AYYASY', '0110120156', NULL, 'afra20156si@student.nurulfikri.ac.id', NULL, 0),
(772, 3, NULL, 'SADZA WIDAD', '0110120157', NULL, 'sadz20157si@student.nurulfikri.ac.id', NULL, 0),
(773, 3, NULL, 'MUTIA AZ ZAHRA', '0110120158', NULL, 'muti20158si@student.nurulfikri.ac.id', NULL, 0),
(774, 3, NULL, 'RIPA\'I', '0110120159', NULL, 'ripa20159si@student.nurulfikri.ac.id', NULL, 0),
(775, 3, NULL, 'Z TIRRA TAUFIK', '0110120160', NULL, 'ztir20160si@student.nurulfikri.ac.id', NULL, 0),
(776, 3, NULL, 'HASNA ALAURRAHMAN', '0110120161', NULL, 'hasn20161si@student.nurulfikri.ac.id', NULL, 0),
(777, 3, NULL, 'RANIA ARIQATUNNISA', '0110120163', NULL, 'rani20163si@student.nurulfikri.ac.id', NULL, 0),
(778, 3, NULL, 'ZURAIDA ZAHRAH', '0110120164', NULL, 'zura20164si@student.nurulfikri.ac.id', NULL, 0),
(779, 3, NULL, 'ALIFA ZALFA ELVRIDA', '0110120166', NULL, 'alif20166si@student.nurulfikri.ac.id', NULL, 0),
(780, 3, NULL, 'AHMAD MUZAKKY', '0110120167', NULL, 'ahma20167si@student.nurulfikri.ac.id', NULL, 0),
(781, 3, NULL, 'ULFI ALIFFIANI MAULANA PUTRI', '0110120168', NULL, 'ulfi20168si@student.nurulfikri.ac.id', NULL, 0),
(782, 3, NULL, 'LUTFI ZAIN', '0110120169', NULL, 'lutf20169si@student.nurulfikri.ac.id', NULL, 0),
(783, 3, NULL, 'INDRA GUNAWAN', '0110120170', NULL, 'indr20170si@student.nurulfikri.ac.id', NULL, 0),
(784, 3, NULL, 'NABILA ELMUTHI\'AH', '0110120172', NULL, 'nabi20172si@student.nurulfikri.ac.id', NULL, 0),
(785, 3, NULL, 'INA ADELIA NOVETASARI', '0110120174', NULL, 'inaa20174si@student.nurulfikri.ac.id', NULL, 0),
(786, 3, NULL, 'AFIFAH DESTRI YANTI', '0110120175', NULL, 'afif20175si@student.nurulfikri.ac.id', NULL, 0),
(787, 3, NULL, 'AZRIL PUTRA NUGRAHA', '0110120178', NULL, 'azri20178si@student.nurulfikri.ac.id', NULL, 0),
(788, 3, NULL, 'AUFA HELMI GUNAWAN', '0110120179', NULL, 'aufa20179si@student.nurulfikri.ac.id', NULL, 0),
(789, 3, NULL, 'SALSABILATUL JANNAH', '0110120180', NULL, 'sals20180si@student.nurulfikri.ac.id', NULL, 0),
(790, 3, NULL, 'ANISYAH NUR SEPTIANA', '0110120181', NULL, 'anis20181si@student.nurulfikri.ac.id', NULL, 0),
(791, 3, NULL, 'ABIDAH SHALIHAH', '0110120182', NULL, 'abid20182si@student.nurulfikri.ac.id', NULL, 0),
(792, 3, NULL, 'DITA PUTRI SYAHIDA', '0110120183', NULL, 'dita20183si@student.nurulfikri.ac.id', NULL, 0),
(793, 3, NULL, 'GINA KHOIRUNNISA', '0110120184', NULL, 'gina20184si@student.nurulfikri.ac.id', NULL, 0),
(794, 3, NULL, 'MUHAMMAD AZRUL ARDIANSYAH', '0110120185', NULL, 'muha20185si@student.nurulfikri.ac.id', NULL, 0),
(795, 3, NULL, 'MUHAMMAD AZZAM BAYAANUL HAQ', '0110120187', NULL, 'muha20187si@student.nurulfikri.ac.id', NULL, 0),
(796, 3, NULL, 'RAMA BAYU KRISHNA YUDHA', '0110120188', NULL, 'rama20188si@student.nurulfikri.ac.id', NULL, 0),
(797, 3, NULL, 'MUHAMMAD NABIL', '0110120189', NULL, 'muha20189si@student.nurulfikri.ac.id', NULL, 0),
(798, 3, NULL, 'SYARIF MUHAMMAD IQBAL', '0110120190', NULL, 'syar20190si@student.nurulfikri.ac.id', NULL, 0),
(799, 3, NULL, 'MU\'ADZ NABIL ABDURRAHMAN', '0110120191', NULL, 'muad20191si@student.nurulfikri.ac.id', NULL, 0),
(800, 3, NULL, 'FARHAN RIFQI FAUZI', '0110120192', NULL, 'farh20192si@student.nurulfikri.ac.id', NULL, 0),
(801, 3, NULL, 'FAJAR NOFRIAN SYAHPUTRA', '0110120193', NULL, 'faja20193si@student.nurulfikri.ac.id', NULL, 0),
(802, 3, NULL, 'ALIPIA SALSABILAH', '0110120194', NULL, 'alip20194si@student.nurulfikri.ac.id', NULL, 0),
(803, 3, NULL, 'DAPIT JAMBA', '0110120195', NULL, 'dapi20195si@student.nurulfikri.ac.id', NULL, 0),
(804, 3, NULL, 'AGUNG MUBAROK', '0110120196', NULL, 'agun20196si@student.nurulfikri.ac.id', NULL, 0),
(805, 3, NULL, 'ROMADHAN EDY PRASETYO', '0110120197', NULL, 'roma20197si@student.nurulfikri.ac.id', NULL, 0),
(806, 3, NULL, 'KHONSA NURKHOLISAH RAHMANIAH', '0110120198', NULL, 'khon20198si@student.nurulfikri.ac.id', NULL, 0),
(807, 3, NULL, 'EKA RAHMAWATI', '0110120199', NULL, 'ekar20199si@student.nurulfikri.ac.id', NULL, 0),
(808, 3, NULL, 'ALIVIA AULIA RAMADHANTY', '0110120200', NULL, 'aliv20200si@student.nurulfikri.ac.id', NULL, 0),
(809, 3, NULL, 'ASSYAFFAA', '0110120202', NULL, 'assy20202si@student.nurulfikri.ac.id', NULL, 0),
(810, 3, NULL, 'REZA PRASETYO', '0110120203', NULL, 'reza20203si@student.nurulfikri.ac.id', NULL, 0),
(811, 3, NULL, 'ANDREAN BAGUS SAPUTRA', '0110120204', NULL, 'andr20204si@student.nurulfikri.ac.id', NULL, 0),
(812, 3, NULL, 'SHELA MONIKA', '0110120205', NULL, 'shel20205si@student.nurulfikri.ac.id', NULL, 0),
(813, 3, NULL, 'MARDENDI', '0110120206', NULL, 'mard20206si@student.nurulfikri.ac.id', NULL, 0),
(814, 3, NULL, 'AMANDA AMALLIA SYA\'BANDINA', '0110120207', NULL, 'aman20207si@student.nurulfikri.ac.id', NULL, 0),
(815, 3, NULL, 'HAIKAL AHMAD ROBBANI', '0110120208', NULL, 'haik20208si@student.nurulfikri.ac.id', NULL, 0),
(816, 3, NULL, 'SELVIANA TRI LESTARI', '0110120211', NULL, 'selv20211si@student.nurulfikri.ac.id', NULL, 0);

-- --------------------------------------------------------

--
-- Table structure for table `session`
--

CREATE TABLE `session` (
  `id` varchar(45) NOT NULL,
  `ip_address` varchar(45) NOT NULL,
  `timestamp` int(15) NOT NULL,
  `data` blob NOT NULL
) ENGINE=InnoDB DEFAULT CHARSET=latin1;

--
-- Dumping data for table `session`
--

INSERT INTO `session` (`id`, `ip_address`, `timestamp`, `data`) VALUES
('935deacfe6d320dfe51ac87f21db951875ca3fdb', '92.38.148.53', 1610996929, 0x5f5f63695f6c6173745f726567656e65726174657c693a313631303939363932393b),
('00f43cf12a5c52cdd0d9d8967808da35a0bd2730', '114.5.253.16', 1610996882, 0x5f5f63695f6c6173745f726567656e65726174657c693a313631303939363838323b),
('7731c2c2a252ee042741382a4dd6796b83d72868', '92.38.148.53', 1610996961, 0x5f5f63695f6c6173745f726567656e65726174657c693a313631303939363932393b),
('55a0fb320ad5b5c70b756e509b4092b3ee706588', '66.96.232.249', 1610998275, 0x5f5f63695f6c6173745f726567656e65726174657c693a313631303939383137383b),
('2827097a05d07de02f8d6b8c23fd15bd4c276f27', '5.255.253.102', 1611007385, 0x5f5f63695f6c6173745f726567656e65726174657c693a313631313030373338353b),
('b9e086d643458e75fa0b2de37934dc5c3087a3ea', '213.180.203.70', 1611007398, 0x5f5f63695f6c6173745f726567656e65726174657c693a313631313030373339383b),
('8580988f5f0a41324557b4b7c987ab6463f6fc7f', '5.255.231.161', 1611007540, 0x5f5f63695f6c6173745f726567656e65726174657c693a313631313030373534303b),
('79837e52a697a181c112595c61a38288bb92c97c', '110.138.87.195', 1611012229, 0x5f5f63695f6c6173745f726567656e65726174657c693a313631313031323130303b),
('befe700382e68328243b32a2bdbbeec397d6c4eb', '66.96.232.249', 1611023970, 0x5f5f63695f6c6173745f726567656e65726174657c693a313631313032333937303b),
('06fdae345da3fb333b4e4b04f9f591d53b4fa14f', '66.96.232.249', 1611026270, 0x5f5f63695f6c6173745f726567656e65726174657c693a313631313032363237303b),
('dd709e3158c4db32dfb36f5f5393cecd423c2f75', '103.82.15.206', 1611025289, 0x5f5f63695f6c6173745f726567656e65726174657c693a313631313032353237373b),
('a00353de3205b88306f832492de1de5b5290e2df', '125.160.231.123', 1611025534, 0x5f5f63695f6c6173745f726567656e65726174657c693a313631313032353430363b),
('8991c7d8c129f8f437ee3114114bcb4033a4aa82', '66.96.232.249', 1611025526, 0x5f5f63695f6c6173745f726567656e65726174657c693a313631313032353532363b),
('a3c947184ef8147e900437c6fe66249c0c9b8a4c', '66.96.232.249', 1611026146, 0x5f5f63695f6c6173745f726567656e65726174657c693a313631313032363134363b),
('915971841f242ac477587631d4967df33e55217a', '66.96.232.249', 1611029531, 0x5f5f63695f6c6173745f726567656e65726174657c693a313631313032393533313b),
('e9907a4d2e6d08fefd4fa0419326b4b0fdfee5d9', '103.253.214.10', 1611026180, 0x5f5f63695f6c6173745f726567656e65726174657c693a313631313032363138303b),
('13cb8015a247d8bcf609aecf0959f09e65646e01', '66.96.232.249', 1611028209, 0x5f5f63695f6c6173745f726567656e65726174657c693a313631313032383230393b),
('2d515f5ee459f4085ee32ef9b7fe9548a5b7ea0f', '114.5.253.16', 1611026292, 0x5f5f63695f6c6173745f726567656e65726174657c693a313631313032363238333b),
('8221c1dee4df7165c1641860a4d4416f81a18cc2', '103.253.214.10', 1611026364, 0x5f5f63695f6c6173745f726567656e65726174657c693a313631313032363336343b),
('f4f1900b75ec6e84180e14cc2faa7419129a5a42', '180.244.232.174', 1611026414, 0x5f5f63695f6c6173745f726567656e65726174657c693a313631313032363336353b),
('9fc351e068766845ccc9899f32ab5f3b623c86cf', '66.96.232.249', 1611028228, 0x5f5f63695f6c6173745f726567656e65726174657c693a313631313032383230393b),
('5443c6df11c1a71571fade9f4c7f899923c75290', '180.244.234.6', 1611029516, 0x5f5f63695f6c6173745f726567656e65726174657c693a313631313032393531363b),
('653276712fdbc2ec7432ff505898a0f09efed245', '66.96.232.249', 1611036460, 0x5f5f63695f6c6173745f726567656e65726174657c693a313631313033363436303b),
('8cd4f95fb647f0a197c497255a0a2daf501b1302', '66.96.232.249', 1611029558, 0x5f5f63695f6c6173745f726567656e65726174657c693a313631313032393533363b),
('722a9d898c7b2a9ff852ca00979be6c89befefab', '36.72.217.37', 1611029647, 0x5f5f63695f6c6173745f726567656e65726174657c693a313631313032393632323b),
('63d2c415f8a7b1d395eb53bb4e43d68ba5c45a9f', '180.244.234.6', 1611030000, 0x5f5f63695f6c6173745f726567656e65726174657c693a313631313032393832363b),
('ac9b081451347f6998a68b0e81114807c4e7637e', '180.244.234.6', 1611030748, 0x5f5f63695f6c6173745f726567656e65726174657c693a313631313033303733363b),
('84e3db7c6d5e72af9f92cc52a9568bf29b290774', '66.96.232.249', 1611036435, 0x5f5f63695f6c6173745f726567656e65726174657c693a313631313033363433353b),
('2a9cb9ea7ee4e290ea45a4c4e2a98a864a7977a2', '66.96.232.249', 1611036575, 0x5f5f63695f6c6173745f726567656e65726174657c693a313631313033363436303b),
('fef9332735aa822260f1824c8de645bf1e07f253', '66.96.232.249', 1611049242, 0x5f5f63695f6c6173745f726567656e65726174657c693a313631313034393234323b),
('b00572ce7d9ae82c5c3f9e3efb5586cc0900d9e6', '66.96.232.249', 1611049394, 0x5f5f63695f6c6173745f726567656e65726174657c693a313631313034393234323b),
('ddccef084b48e0bf40e2f35420407ccf90632e82', '114.5.253.16', 1611054544, 0x5f5f63695f6c6173745f726567656e65726174657c693a313631313035343534343b),
('55f8e9b57284600b3970472a2478aa7c87513eba', '182.30.158.19', 1611050918, 0x5f5f63695f6c6173745f726567656e65726174657c693a313631313035303639343b),
('37d61ae65c795eb02399fbb8e3f3d66e3c9964cf', '180.242.236.160', 1611051284, 0x5f5f63695f6c6173745f726567656e65726174657c693a313631313035313238343b),
('2ac8e2193a9f23d0dd478390a6894f2760480bcc', '180.244.233.97', 1611052195, 0x5f5f63695f6c6173745f726567656e65726174657c693a313631313035323139353b),
('97f107869d3479869942ca5ebb2df89171bc1d11', '120.188.95.21', 1611051599, 0x5f5f63695f6c6173745f726567656e65726174657c693a313631313035313539393b),
('cef0d216de4b7075dc2fc02dd4e322e96c8f3722', '119.110.86.201', 1611052033, 0x5f5f63695f6c6173745f726567656e65726174657c693a313631313035313831343b),
('47c24f15ccae7bca8f0e2298b4f2e61f084d2a47', '125.161.136.150', 1611051836, 0x5f5f63695f6c6173745f726567656e65726174657c693a313631313035313833363b),
('509416513b8f4fb321f711879a634523b62b3a9a', '103.249.65.6', 1611052004, 0x5f5f63695f6c6173745f726567656e65726174657c693a313631313035323030343b),
('5da3034bf36a36c5c82fa4e97b07bd5d0df07dea', '66.102.6.30', 1611052059, 0x5f5f63695f6c6173745f726567656e65726174657c693a313631313035323035393b),
('aa706343ee9aa88a06d209fb40d0ce7c7b49cda9', '180.244.233.97', 1611052218, 0x5f5f63695f6c6173745f726567656e65726174657c693a313631313035323139353b),
('9607d345d0154f0845af7bc9ac290ebbc5d6fbdf', '157.245.237.188', 1611054544, 0x5f5f63695f6c6173745f726567656e65726174657c693a313631313035343534343b),
('0466723645b3bba07c8272de2dad545f03cf0409', '180.244.235.88', 1611055319, 0x5f5f63695f6c6173745f726567656e65726174657c693a313631313035353331393b),
('fdd5b9dd2ac2f1d8b8907af4fedaaf51d746d0de', '180.244.233.4', 1611064207, 0x5f5f63695f6c6173745f726567656e65726174657c693a313631313036343230373b),
('8fc51642d51533049c7d92e543c61b817a132e91', '45.57.247.47', 1611062544, 0x5f5f63695f6c6173745f726567656e65726174657c693a313631313036323534343b),
('4716b626bcf71fc95c85a0b1c004ae5cae302166', '180.244.233.97', 1611062997, 0x5f5f63695f6c6173745f726567656e65726174657c693a313631313036323936353b),
('859dc9f0087f6ad9bdbdeb24548a71e97af43658', '180.244.233.97', 1611064156, 0x5f5f63695f6c6173745f726567656e65726174657c693a313631313036343130393b),
('1994edb3469d284ad1e5215fd81e332d3a3c48bf', '180.244.233.4', 1611064533, 0x5f5f63695f6c6173745f726567656e65726174657c693a313631313036343533333b),
('50299fc82b5169e77afc7549f06a7f7e77b8f024', '180.244.233.4', 1611066196, 0x5f5f63695f6c6173745f726567656e65726174657c693a313631313036363139363b),
('4a3098c1f3b27c4844c44b405f1eb4fc57c21598', '45.57.247.47', 1611065073, 0x5f5f63695f6c6173745f726567656e65726174657c693a313631313036353037333b),
('e63b3355b57774cbb96965c83cda0014344578e8', '114.125.221.164', 1611065196, 0x5f5f63695f6c6173745f726567656e65726174657c693a313631313036353138383b),
('2fdf70f8f79915dc6512c40ebd1b68976d12a155', '180.244.233.4', 1611066196, 0x5f5f63695f6c6173745f726567656e65726174657c693a313631313036363139363b),
('b1f67366fede0f804923ebab0c98c770c508e802', '182.30.158.19', 1611066478, 0x5f5f63695f6c6173745f726567656e65726174657c693a313631313036363437383b),
('21896480b2db7d40d482ad6f0925118ca6092f68', '45.57.247.47', 1611073942, 0x5f5f63695f6c6173745f726567656e65726174657c693a313631313037333934323b),
('41539dc392f0b2b7e18abbb39f98cac9c3e47613', '45.57.247.47', 1611073956, 0x5f5f63695f6c6173745f726567656e65726174657c693a313631313037333935363b),
('a695888d7ea8c97a112f297583d6a67977de7790', '45.57.247.47', 1611073958, 0x5f5f63695f6c6173745f726567656e65726174657c693a313631313037333935383b),
('5c4fdaa9bd4963fb3b526a4d82d5b9981b012015', '45.57.247.47', 1611073958, 0x5f5f63695f6c6173745f726567656e65726174657c693a313631313037333935383b),
('c68e4160cf681e51e0ca27047d94e8a5fd5d9ce9', '45.57.247.47', 1611073959, 0x5f5f63695f6c6173745f726567656e65726174657c693a313631313037333935393b),
('854e22772e7117e3d3ed667f17b22890d563d7b6', '45.57.247.47', 1611073960, 0x5f5f63695f6c6173745f726567656e65726174657c693a313631313037333936303b),
('1014a6d3d30be9ab8c2bb44aa6b404fedaf0f403', '180.244.233.4', 1611076742, 0x5f5f63695f6c6173745f726567656e65726174657c693a313631313037363734323b),
('482c3365134bec8b76ce09f9e52b6a92fe1f2101', '66.96.232.249', 1611107677, 0x5f5f63695f6c6173745f726567656e65726174657c693a313631313130373637373b),
('e7836cc3e4d9567250b86e17a39e838ef5bdfeae', '66.96.232.249', 1611114194, 0x5f5f63695f6c6173745f726567656e65726174657c693a313631313131343139343b),
('a08fc0ead38d310f1ce37df439ae3364c3b8566c', '66.249.65.194', 1611109438, 0x5f5f63695f6c6173745f726567656e65726174657c693a313631313130393433383b),
('54a769953d7882c7cb3298b0e531df290c736414', '66.249.65.198', 1611110162, 0x5f5f63695f6c6173745f726567656e65726174657c693a313631313131303136323b),
('4ded99c580955b3029ba5c0a928ab95c3726a6d9', '111.95.170.26', 1611110437, 0x5f5f63695f6c6173745f726567656e65726174657c693a313631313131303338303b),
('3a4117e137d4b4f9e93070e99b505bbba6fe61e2', '103.11.28.68', 1611110413, 0x5f5f63695f6c6173745f726567656e65726174657c693a313631313131303431333b),
('255cd3bdb92a0cf7623bf8340cbfd60c23b6a96e', '66.96.232.249', 1611114205, 0x5f5f63695f6c6173745f726567656e65726174657c693a313631313131343139343b),
('24b9ab05193893e817bb424f9886c7e0f1a9b3dc', '209.17.96.122', 1611127766, 0x5f5f63695f6c6173745f726567656e65726174657c693a313631313132373736363b),
('1247ba044593a5d3960e8f9e7a5733076cc2cb40', '103.82.15.226', 1611128412, 0x5f5f63695f6c6173745f726567656e65726174657c693a313631313132383431323b),
('e0883d47ddec15d365d140036c95eadea7347584', '111.95.170.26', 1611137883, 0x5f5f63695f6c6173745f726567656e65726174657c693a313631313133373838333b),
('c3817a97ce4c2866168cb6cdfa83b8fd7245457e', '180.244.233.4', 1611152250, 0x5f5f63695f6c6173745f726567656e65726174657c693a313631313135323235303b),
('0db555b727ef841642e1138e2f540a3c95fd48ca', '209.17.97.66', 1611160971, 0x5f5f63695f6c6173745f726567656e65726174657c693a313631313136303937313b),
('38c173ccdf687424df101568d84202923716f2fb', '103.82.14.127', 1611161151, 0x5f5f63695f6c6173745f726567656e65726174657c693a313631313136313135313b),
('73901fe9e31dc3d7071f1533c9f7a11dff009fa4', '66.249.65.252', 1611165839, 0x5f5f63695f6c6173745f726567656e65726174657c693a313631313136353833393b),
('b75650bcf444f3187dfd1a47e305e3e7caa15986', '66.249.65.254', 1611167492, 0x5f5f63695f6c6173745f726567656e65726174657c693a313631313136373439323b),
('a2823641dded5fd21bd02bd3331dd9e1e8fb4c92', '158.140.187.210', 1611175299, 0x5f5f63695f6c6173745f726567656e65726174657c693a313631313137353239393b),
('25cdc2e8515e0484f681cf0c27d8357d2320de37', '180.244.233.4', 1611180330, 0x5f5f63695f6c6173745f726567656e65726174657c693a313631313138303333303b),
('5b81d0e6ccffd04ee0102ca43dfee1d2da66b247', '66.96.232.249', 1611195326, 0x5f5f63695f6c6173745f726567656e65726174657c693a313631313139353332363b),
('c093df8012c7c02215430dc27c309a151300b79c', '66.96.232.249', 1611197014, 0x5f5f63695f6c6173745f726567656e65726174657c693a313631313139373031343b),
('6888df29573d76b34b85df5424c09910aff4c0c2', '66.96.232.249', 1611202400, 0x5f5f63695f6c6173745f726567656e65726174657c693a313631313230323430303b),
('1829b17cf0319b41f00cf3c1b8ce26efa4ac3b46', '66.96.232.249', 1611200993, 0x5f5f63695f6c6173745f726567656e65726174657c693a313631313230303938393b),
('ebc4a11d2055f6e4daa05ae940bbbc8189dff886', '180.244.233.4', 1611201567, 0x5f5f63695f6c6173745f726567656e65726174657c693a313631313230313536373b),
('98b63e7ac449577ac2aa2c1dd45c0207a485b18c', '66.96.232.249', 1611202414, 0x5f5f63695f6c6173745f726567656e65726174657c693a313631313230323430303b),
('f81c9457c9af8a5fce421de59bdb722e8b3e92b6', '180.244.233.155', 1611202857, 0x5f5f63695f6c6173745f726567656e65726174657c693a313631313230323834323b),
('b911acd9ebc9182a817ac9d3142a579276146b9f', '140.213.9.213', 1611203673, 0x5f5f63695f6c6173745f726567656e65726174657c693a313631313230333637333b),
('8f0cb40dc3900286cb3bee77f4508acd1846c3c5', '103.253.214.10', 1611211180, 0x5f5f63695f6c6173745f726567656e65726174657c693a313631313231313138303b),
('dcecfcc40d582162edd2b194abaa767a95bbf973', '103.253.214.10', 1611211180, 0x5f5f63695f6c6173745f726567656e65726174657c693a313631313231313138303b),
('bdf8d1e041ea85eb81201853223db8076d289d0b', '66.96.232.249', 1611214487, 0x5f5f63695f6c6173745f726567656e65726174657c693a313631313231343438373b),
('daf0c41087101b4fbc6f4a19a4a0e7335ee24cff', '66.96.232.249', 1611219055, 0x5f5f63695f6c6173745f726567656e65726174657c693a313631313231393035353b),
('3ebe2ba86ce1ab95ac97427d7abe459068d3acf3', '10.0.1.218', 1611218078, 0x5f5f63695f6c6173745f726567656e65726174657c693a313631313231383037383b),
('999fe3f8ab3daaf5975c9415c4f07fad684b15c9', '66.96.232.249', 1611219055, 0x5f5f63695f6c6173745f726567656e65726174657c693a313631313231393035353b),
('716f8ce9f18da69d0e0385871cf4109075afd554', '47.74.212.217', 1611224382, 0x5f5f63695f6c6173745f726567656e65726174657c693a313631313232343338323b),
('e7225e81b9a5f0a70e4b1d1533930e81e48faaa6', '47.74.212.217', 1611224382, 0x5f5f63695f6c6173745f726567656e65726174657c693a313631313232343338323b),
('5d68255362c3fa69723043cd55b1a8cb289f3651', '116.62.39.231', 1611224383, 0x5f5f63695f6c6173745f726567656e65726174657c693a313631313232343338333b),
('29382b1e9853d49a7decb7634e4995f66723801d', '162.243.142.231', 1611225437, 0x5f5f63695f6c6173745f726567656e65726174657c693a313631313232353433373b),
('883a63825dc6e7f69d6e5295dcc123b5084ca028', '111.95.170.26', 1611226428, 0x5f5f63695f6c6173745f726567656e65726174657c693a313631313232363432383b),
('7abf9dcb496e7b59eecbee8987359a2caf4f16b4', '111.95.170.26', 1611226428, 0x5f5f63695f6c6173745f726567656e65726174657c693a313631313232363432383b),
('6a2745d05df6f518b05217de411800c1319ded01', '5.255.231.161', 1611232130, 0x5f5f63695f6c6173745f726567656e65726174657c693a313631313233323133303b),
('02e0d48158cbf9e1fa6ede62a1a23902debc2de2', '5.255.231.161', 1611240398, 0x5f5f63695f6c6173745f726567656e65726174657c693a313631313234303339383b),
('d099796c439a2c57029488bed1a7e4d633ab2324', '208.80.194.41', 1611240440, 0x5f5f63695f6c6173745f726567656e65726174657c693a313631313234303434303b),
('67b3fc5a35bc8fd3bd2bac9a691d4d15f62305e0', '125.160.190.120', 1611245230, 0x5f5f63695f6c6173745f726567656e65726174657c693a313631313234343932383b),
('d7fe6ffef27e790a4ca8e1c807098892aeb01607', '125.160.190.120', 1611244938, 0x5f5f63695f6c6173745f726567656e65726174657c693a313631313234343933383b),
('60add3739a778b877f447bebb1de6a6c1937687f', '36.69.231.52', 1611244958, 0x5f5f63695f6c6173745f726567656e65726174657c693a313631313234343935313b),
('8c25bd2464da0e2f631c94427eb0127d3e1957ed', '124.158.184.170', 1611244973, 0x5f5f63695f6c6173745f726567656e65726174657c693a313631313234343936383b),
('cacb898f03f3976f5309184d1f114a310654f023', '180.245.40.20', 1611244971, 0x5f5f63695f6c6173745f726567656e65726174657c693a313631313234343937313b),
('4142e9161125647a7858ebe45145539365a46272', '10.0.1.218', 1611291257, 0x5f5f63695f6c6173745f726567656e65726174657c693a313631313239313235373b),
('3f76ce2c01485282d6815b321bbc16ca62f2f57d', '103.82.14.127', 1611299833, 0x5f5f63695f6c6173745f726567656e65726174657c693a313631313239393736393b),
('5cbfd2b18bdd0ed95f5e7551b3a3213cd960e587', '10.0.1.218', 1611302776, 0x5f5f63695f6c6173745f726567656e65726174657c693a313631313330323737363b),
('da1d27d8e0cda851509bbeea8118131c9f8f7eb4', '66.96.232.249', 1611306496, 0x5f5f63695f6c6173745f726567656e65726174657c693a313631313330363439323b),
('4b836a8a4732923ef1842a126f6c06850316a3bf', '10.0.1.218', 1611307829, 0x5f5f63695f6c6173745f726567656e65726174657c693a313631313330373832393b),
('984d0dd35345b7bfe2b476bd6276cc47c37822bd', '114.4.213.26', 1611309814, 0x5f5f63695f6c6173745f726567656e65726174657c693a313631313330393831343b),
('89376c7592c93011b697bfdf50d0ab459518fed2', '103.82.14.127', 1611315525, 0x5f5f63695f6c6173745f726567656e65726174657c693a313631313331353532313b),
('4e9141ffa14c4c49a57c0eb1402ea707f89ba2f0', '114.125.4.202', 1611328362, 0x5f5f63695f6c6173745f726567656e65726174657c693a313631313332383336323b),
('762e8fb5125fc00791adc38c9f48e9298fab9a45', '114.125.4.202', 1611328362, 0x5f5f63695f6c6173745f726567656e65726174657c693a313631313332383336323b),
('fe219c3a153c6267f0791b20568b1833e63edde4', '103.82.14.127', 1611331914, 0x5f5f63695f6c6173745f726567656e65726174657c693a313631313333313930393b),
('3d3eaaaa4908fd3ccabf708ec7540815126e367a', '51.158.108.94', 1611348375, 0x5f5f63695f6c6173745f726567656e65726174657c693a313631313334383337353b),
('1c2753a71b0805a23ab9927b4cb37843f8b06705', '51.158.108.94', 1611348624, 0x5f5f63695f6c6173745f726567656e65726174657c693a313631313334383632343b),
('b606e981b5e21f4ae06710c5dc2a652a9944f431', '66.96.232.249', 1611369300, 0x5f5f63695f6c6173745f726567656e65726174657c693a313631313336393330303b),
('e85a40eb1b7f49994e2a432784d91eb768b0b4d2', '66.96.232.249', 1611369320, 0x5f5f63695f6c6173745f726567656e65726174657c693a313631313336393330303b),
('79baac37b04bc5fd1ad64dcee3afe28e6e3484f6', '10.0.1.218', 1611374285, 0x5f5f63695f6c6173745f726567656e65726174657c693a313631313337343238353b),
('4ec9dca28f49c74c3993252624035584ca72220a', '10.0.1.218', 1611374308, 0x5f5f63695f6c6173745f726567656e65726174657c693a313631313337343330383b),
('1dd878be0b00dd806673896bfdf3001f72e55d8a', '3.26.70.9', 1611383600, 0x5f5f63695f6c6173745f726567656e65726174657c693a313631313338333630303b),
('36d812937dfd5cfaa86eb5b2d03f4ff4a232f4c7', '66.96.232.249', 1611388898, 0x5f5f63695f6c6173745f726567656e65726174657c693a313631313338383839383b),
('73b045b6b3364fc784dad9c8962da3022f30cd8b', '10.0.1.218', 1611396736, 0x5f5f63695f6c6173745f726567656e65726174657c693a313631313339363733363b),
('4599025215c03ff7b292102c14a55296166db0b5', '182.30.157.177', 1611398794, 0x5f5f63695f6c6173745f726567656e65726174657c693a313631313339383737353b),
('026189c311e0387c619d91432e3310ba6fb31121', '69.166.234.94', 1611403945, 0x5f5f63695f6c6173745f726567656e65726174657c693a313631313430333934353b),
('63287c16f42ce4373c3419528fdcb3724d751af0', '103.82.14.127', 1611403963, 0x5f5f63695f6c6173745f726567656e65726174657c693a313631313430333934353b),
('ab4817cba4fc20590cfbcd973ea4e324dabfbf20', '209.17.96.154', 1611409144, 0x5f5f63695f6c6173745f726567656e65726174657c693a313631313430393134343b),
('df497b3f037066ea0ac8062c37d1eb4b44ebd759', '110.136.90.193', 1611413348, 0x5f5f63695f6c6173745f726567656e65726174657c693a313631313431333334383b),
('33a059ade5f8091951d410d345c32fa968d1e051', '180.252.126.175', 1611413600, 0x5f5f63695f6c6173745f726567656e65726174657c693a313631313431333338393b),
('0ce9b1af98d97f5cd6f0fa2b217308a46118b0f5', '103.253.214.197', 1611422761, 0x5f5f63695f6c6173745f726567656e65726174657c693a313631313432323736313b),
('cdd08d44ee80924bdb4d9f43a7e42f2eed0eef92', '13.66.139.153', 1611423199, 0x5f5f63695f6c6173745f726567656e65726174657c693a313631313432333139393b),
('245482028a332c99e5994f81fdb6697e83ab579f', '66.249.65.224', 1611425150, 0x5f5f63695f6c6173745f726567656e65726174657c693a313631313432353135303b),
('720db50eaf946f2eb65972baeaf2dd0e9aa4664a', '185.220.100.243', 1611439845, 0x5f5f63695f6c6173745f726567656e65726174657c693a313631313433393834353b),
('f11fee147b561fd4cdd83aacbc6e5e6d8695f295', '66.96.232.249', 1611459805, 0x5f5f63695f6c6173745f726567656e65726174657c693a313631313435393830353b),
('95d8fcde226b3e9d2357b3109c530ec2518cbb58', '66.96.232.249', 1611460961, 0x5f5f63695f6c6173745f726567656e65726174657c693a313631313436303936313b),
('a9d83017a81585620f46d8b0f2176d63d6cbad32', '125.160.227.55', 1611462121, 0x5f5f63695f6c6173745f726567656e65726174657c693a313631313435393830373b),
('a10ff0be72676e35677e705a562c0c89d6c00c5b', '66.96.232.249', 1611459808, 0x5f5f63695f6c6173745f726567656e65726174657c693a313631313435393830383b),
('ab709c74f8afc63c395d60af4146e20925f8c3a1', '66.96.232.249', 1611460961, 0x5f5f63695f6c6173745f726567656e65726174657c693a313631313436303936313b),
('0a3de5280fafdc667543cf4d4e6582a618530ee5', '111.95.170.26', 1611462342, 0x5f5f63695f6c6173745f726567656e65726174657c693a313631313436323237383b),
('339f9e2cd3bae8083a04747f2db573e6545e7712', '158.140.187.210', 1611472097, 0x5f5f63695f6c6173745f726567656e65726174657c693a313631313437323034333b),
('6f7d2028118e6317cdc7290b548a90b1d9f5b784', '103.253.214.10', 1611475549, 0x5f5f63695f6c6173745f726567656e65726174657c693a313631313437353534393b),
('630708d85e76fca182535cc7aaf36b972bcc07a7', '66.96.232.249', 1611475601, 0x5f5f63695f6c6173745f726567656e65726174657c693a313631313437353630313b),
('098d948869b8f0f7d93edf2cabb4b8ef1bc33df3', '66.96.232.249', 1611475924, 0x5f5f63695f6c6173745f726567656e65726174657c693a313631313437353932343b),
('78f5346a34350030a088c1a1266570d64c0670e1', '66.96.232.249', 1611476364, 0x5f5f63695f6c6173745f726567656e65726174657c693a313631313437363336343b),
('c2bbbef8aafdb104ea2f080965a8673ed5290825', '111.95.170.26', 1611476196, 0x5f5f63695f6c6173745f726567656e65726174657c693a313631313437363137373b),
('6325ef26df43f533021caa9a6f9522ff8daa778b', '66.96.232.249', 1611477030, 0x5f5f63695f6c6173745f726567656e65726174657c693a313631313437373033303b),
('c73cb2cc485bf375a02f9056cd6f842bd8c7f225', '66.96.232.249', 1611477484, 0x5f5f63695f6c6173745f726567656e65726174657c693a313631313437373438343b),
('5f2457f9d1a617e3538d1b6a34a2fb24082c4c9a', '66.96.232.249', 1611478056, 0x5f5f63695f6c6173745f726567656e65726174657c693a313631313437383035363b),
('8a1fa64af6f26cbb5954720dc671b317773dfa37', '66.96.232.249', 1611478389, 0x5f5f63695f6c6173745f726567656e65726174657c693a313631313437383338393b),
('05a6354e96987e257efd3fc5243f3571c0741e7e', '66.96.232.249', 1611478730, 0x5f5f63695f6c6173745f726567656e65726174657c693a313631313437383733303b),
('2769fae997ff643898d0b5e97f5c9a22b88c1b06', '43.230.130.5', 1611478395, 0x5f5f63695f6c6173745f726567656e65726174657c693a313631313437383339353b),
('8642725126b29f4785aee4da0b34f69043d2030c', '66.96.232.249', 1611479032, 0x5f5f63695f6c6173745f726567656e65726174657c693a313631313437393033323b69647c733a333a22363336223b6c6f67696e5f7374617475737c733a373a2273756363657373223b6c6576656c7c733a313a2233223b),
('653ca19338ef92437f6f08e67b17bc42adde0b37', '66.96.232.249', 1611479513, 0x5f5f63695f6c6173745f726567656e65726174657c693a313631313437393531333b69647c733a333a22363336223b6c6f67696e5f7374617475737c733a373a2273756363657373223b6c6576656c7c733a313a2233223b),
('959af95c11c954d7db336419c7d4cc76285ed92f', '66.96.232.249', 1611479988, 0x5f5f63695f6c6173745f726567656e65726174657c693a313631313437393938383b69647c733a333a22363336223b6c6f67696e5f7374617475737c733a373a2273756363657373223b6c6576656c7c733a313a2233223b),
('e8b8ea9c05179de8015acd905e2343251fa09387', '66.96.232.249', 1611480388, 0x5f5f63695f6c6173745f726567656e65726174657c693a313631313438303338383b69647c733a333a22363336223b6c6f67696e5f7374617475737c733a373a2273756363657373223b6c6576656c7c733a313a2233223b),
('8aab940c1361dd7db704c15ef5684482f8b13693', '66.96.232.249', 1611482155, 0x5f5f63695f6c6173745f726567656e65726174657c693a313631313438323135353b69647c733a333a22363336223b6c6f67696e5f7374617475737c733a373a2273756363657373223b6c6576656c7c733a313a2233223b),
('ea2038b476f2e8789547a3be5167b6b664403b00', '66.96.232.249', 1611483714, 0x5f5f63695f6c6173745f726567656e65726174657c693a313631313438333731343b69647c733a333a22363336223b6c6f67696e5f7374617475737c733a373a2273756363657373223b6c6576656c7c733a313a2233223b),
('f3251ed0f25e0d3101e2a3934be535a97c4eb201', '66.96.232.249', 1611486068, 0x5f5f63695f6c6173745f726567656e65726174657c693a313631313438363036383b69647c733a333a22363336223b6c6f67696e5f7374617475737c733a373a2273756363657373223b6c6576656c7c733a313a2233223b),
('1f9c9d8c2b07d4ba92ca1f205f696de2d1e28fbc', '10.0.1.218', 1611483780, 0x5f5f63695f6c6173745f726567656e65726174657c693a313631313438333738303b),
('382f1a19ba793784d493a99afb883b6b3a0fc574', '209.17.97.2', 1611485436, 0x5f5f63695f6c6173745f726567656e65726174657c693a313631313438353433363b),
('069d1a0eaf6a146105e07293af56f8585d66f0e9', '66.96.232.249', 1611486075, 0x5f5f63695f6c6173745f726567656e65726174657c693a313631313438363037313b),
('c120e0c340c13af6f282da091c35110a3f344e26', '13.66.139.153', 1611492211, 0x5f5f63695f6c6173745f726567656e65726174657c693a313631313439323231313b),
('b697cf526cf6119c7fe768817eca2c652068b4a7', '66.96.232.249', 1611494248, 0x5f5f63695f6c6173745f726567656e65726174657c693a313631313439343234383b),
('b73aa996f931a6080707b9f8a33d72253d86367d', '66.96.232.249', 1611495004, 0x5f5f63695f6c6173745f726567656e65726174657c693a313631313439353030343b69647c733a333a22363336223b6c6f67696e5f7374617475737c733a373a2273756363657373223b6c6576656c7c733a313a2233223b),
('86fdc2287771b8dad9fea9ab4ef4e2e01cb78435', '180.252.90.161', 1611494656, 0x5f5f63695f6c6173745f726567656e65726174657c693a313631313439343635363b),
('b73e536eb69ee43893d32059088926e2532ae318', '180.252.90.161', 1611494743, 0x5f5f63695f6c6173745f726567656e65726174657c693a313631313439343732383b),
('86586d25c7a7396e3b9823168d560dbc173906b6', '66.96.232.249', 1611495748, 0x5f5f63695f6c6173745f726567656e65726174657c693a313631313439353734383b),
('6250a8e9a208eda75f4a1638faef4ca10cb1d053', '180.252.90.161', 1611495107, 0x5f5f63695f6c6173745f726567656e65726174657c693a313631313439353130373b),
('6a001035691e8a2a0be0e62645d25f1f57a71279', '66.96.232.249', 1611496447, 0x5f5f63695f6c6173745f726567656e65726174657c693a313631313439363434373b),
('a859c3af20c9ccf365d0175d4ce9fe460bc2f321', '103.253.214.10', 1611496398, 0x5f5f63695f6c6173745f726567656e65726174657c693a313631313439363339383b),
('a21cf31226762eb25ad3990df3d7e833fd8533a2', '66.96.232.249', 1611497381, 0x5f5f63695f6c6173745f726567656e65726174657c693a313631313439373338313b),
('2f7d0cad30ccb737bf3f1fb3d4162b70e973a53c', '180.243.124.63', 1611497365, 0x5f5f63695f6c6173745f726567656e65726174657c693a313631313439373334363b),
('76e62274b7b2bf724273b7b6c5cd279e2d3cbada', '66.96.232.249', 1611497738, 0x5f5f63695f6c6173745f726567656e65726174657c693a313631313439373733383b69647c733a313a2231223b6c6f67696e5f7374617475737c733a373a2273756363657373223b6c6576656c7c733a313a2231223b),
('5e62b0069003980431d86d6da44643154df67eee', '66.96.232.249', 1611498843, 0x5f5f63695f6c6173745f726567656e65726174657c693a313631313439383834333b69647c733a313a2231223b6c6f67696e5f7374617475737c733a373a2273756363657373223b6c6576656c7c733a313a2231223b),
('f178aaa4abcb8c79282decc5b30cb3c2c9b4fc5a', '66.96.232.249', 1611498855, 0x5f5f63695f6c6173745f726567656e65726174657c693a313631313439383834333b69647c733a313a2231223b6c6f67696e5f7374617475737c733a373a2273756363657373223b6c6576656c7c733a313a2231223b),
('4ca60b5dc35a804059c435d25f20826b679c6ac3', '36.71.19.173', 1611501341, 0x5f5f63695f6c6173745f726567656e65726174657c693a313631313530313333343b),
('a658cd23325cf57cf6cf1d217d16e9402c17fe30', '154.51.131.142', 1611521778, 0x5f5f63695f6c6173745f726567656e65726174657c693a313631313532313737383b),
('5d8f952e8ce287eb096c67dcc6a6254747f07f67', '180.244.233.4', 1611527370, 0x5f5f63695f6c6173745f726567656e65726174657c693a313631313532373334363b),
('1190eb7c2be5317cee61771992532a6aa98a64d4', '52.51.13.233', 1611534493, 0x5f5f63695f6c6173745f726567656e65726174657c693a313631313533343439333b),
('c03bce9ae16d9e8fa66f17f0b3e471e6367babb7', '34.253.236.195', 1611534494, 0x5f5f63695f6c6173745f726567656e65726174657c693a313631313533343439343b),
('7e9d21663fd6e23c65ecbee8ac5d182f89ee6788', '34.242.196.17', 1611534497, 0x5f5f63695f6c6173745f726567656e65726174657c693a313631313533343439373b),
('c364890014aafab65b0538acd06fd02a79ec2be6', '34.255.58.82', 1611534507, 0x5f5f63695f6c6173745f726567656e65726174657c693a313631313533343530373b),
('a6f4a53f65b61548e4ff4a48f73aa5cea1c334a7', '66.96.232.249', 1611536756, ''),
('7f4ed26a8c62332b5d882a5888800c54e2d5b8e2', '103.253.214.10', 1611536481, 0x5f5f63695f6c6173745f726567656e65726174657c693a313631313533363438313b),
('a9a3cb7bc3d8263a85d9e17e9d499c238665381f', '180.244.233.4', 1611542701, 0x5f5f63695f6c6173745f726567656e65726174657c693a313631313534323730313b),
('128c43882aff839922c35356e19aa80395f6e8d9', '180.244.233.4', 1611542757, 0x5f5f63695f6c6173745f726567656e65726174657c693a313631313534323730313b),
('542da4e437081d342c8de3db3091916f1546c0d3', '103.253.214.10', 1611545176, 0x5f5f63695f6c6173745f726567656e65726174657c693a313631313534353137363b),
('0a7d7585a1f2c1e15db43bf39f732455ece1e8e6', '103.82.14.127', 1611546724, 0x5f5f63695f6c6173745f726567656e65726174657c693a313631313534363732313b),
('44eac52b0287599ac42669d1f74fed96bf71511c', '18.237.220.116', 1611550718, 0x5f5f63695f6c6173745f726567656e65726174657c693a313631313535303731383b),
('a49890169da6b6988c31609048eac0d1bfd63db4', '18.237.220.116', 1611550765, 0x5f5f63695f6c6173745f726567656e65726174657c693a313631313535303736353b),
('3e0a1c85595ad0d977a948493c27f0234ee5c007', '115.178.194.115', 1611564024, 0x5f5f63695f6c6173745f726567656e65726174657c693a313631313536333934393b),
('959db5bfb1fa4f5126d756f354504745c668f457', '10.0.1.218', 1611564217, 0x5f5f63695f6c6173745f726567656e65726174657c693a313631313536343231373b),
('cd727acf0f95c3f5747f562d2263db12adff7b38', '66.96.232.249', 1611566641, 0x5f5f63695f6c6173745f726567656e65726174657c693a313631313536363634313b69647c733a313a2231223b6c6f67696e5f7374617475737c733a373a2273756363657373223b6c6576656c7c733a313a2231223b),
('f9b7010c14ef1e22bc3cf3dbcff0f2c2721b104f', '103.253.214.10', 1611566346, 0x5f5f63695f6c6173745f726567656e65726174657c693a313631313536363334363b),
('61bced4b380e363d83ae0ad04fc4c14028078ff8', '66.96.232.249', 1611566944, 0x5f5f63695f6c6173745f726567656e65726174657c693a313631313536363934343b69647c733a313a2231223b6c6f67696e5f7374617475737c733a373a2273756363657373223b6c6576656c7c733a313a2231223b),
('5e4c7ce66f0059febd8c10a41106c0d017919401', '66.96.232.249', 1611567245, 0x5f5f63695f6c6173745f726567656e65726174657c693a313631313536373234353b69647c733a313a2231223b6c6f67696e5f7374617475737c733a373a2273756363657373223b6c6576656c7c733a313a2231223b),
('4eec5852187e7847bdc8751b570b995554dcc30c', '66.96.232.249', 1611567591, 0x5f5f63695f6c6173745f726567656e65726174657c693a313631313536373539313b69647c733a313a2231223b6c6f67696e5f7374617475737c733a373a2273756363657373223b6c6576656c7c733a313a2231223b),
('14149de214e54505a6e32646f61ca8cc468f6cd6', '66.96.232.249', 1611567598, 0x5f5f63695f6c6173745f726567656e65726174657c693a313631313536373539313b69647c733a313a2231223b6c6f67696e5f7374617475737c733a373a2273756363657373223b6c6576656c7c733a313a2231223b),
('d8e0e2800d5c31d6e6ef36ff0460e4dd4e5a0cb3', '115.178.194.128', 1611574676, 0x5f5f63695f6c6173745f726567656e65726174657c693a313631313537343637363b),
('1066fd625e697bffeb7f2b30b31ffd00ea8394f6', '66.96.232.249', 1611576582, 0x5f5f63695f6c6173745f726567656e65726174657c693a313631313537363538323b),
('cccf6fa17efee4ebfaf9c7d8dc7f620e57a01912', '66.96.232.249', 1611583397, 0x5f5f63695f6c6173745f726567656e65726174657c693a313631313538333339373b),
('f8df29afecdcaed6ced9be156699505ae2dd7c6e', '180.243.124.63', 1611584347, 0x5f5f63695f6c6173745f726567656e65726174657c693a313631313538343334373b),
('11218820e6d22bb089fa009dbfbe273eb0dfb388', '103.82.14.127', 1611584431, 0x5f5f63695f6c6173745f726567656e65726174657c693a313631313538343433313b),
('7e37b82ff3072bbbcb3847530c1db535458672d8', '36.79.125.189', 1611581746, 0x5f5f63695f6c6173745f726567656e65726174657c693a313631313538313734363b),
('fe02bd26cbde9a6b697f3bd4a2b8107cd5df199c', '36.79.125.189', 1611584347, 0x5f5f63695f6c6173745f726567656e65726174657c693a313631313538343334373b6f7267616e69736173697c733a313a2232223b6b657475615f6e696d7c733a31303a2230313130323139303134223b6b657475615f6e616d617c733a31323a224b68616972756c2068756461223b6b657475615f656d61696c7c733a31383a226b68726c6864613140676d61696c2e636f6d223b6b657475615f6e6f5f74656c707c733a31323a22303837383736313131393534223b77616b696c5f6e696d7c733a303a22223b77616b696c5f6e616d617c733a303a22223b77616b696c5f656d61696c7c733a303a22223b77616b696c5f6e6f5f74656c707c733a303a22223b70617373776f72647c693a3137373737353530393b),
('986dd27ca0e6ffe6e02c580fbe3ca16034555220', '66.96.232.249', 1611584867, 0x5f5f63695f6c6173745f726567656e65726174657c693a313631313538343836373b),
('19de0c636a622aae56d1b898f81767da21dcbf6f', '66.96.232.249', 1611583726, 0x5f5f63695f6c6173745f726567656e65726174657c693a313631313538333732363b69647c733a313a2231223b6c6f67696e5f7374617475737c733a373a2273756363657373223b6c6576656c7c733a313a2231223b),
('b204475e705aa1217907cda874d40df80c45a45e', '103.253.214.10', 1611583652, 0x5f5f63695f6c6173745f726567656e65726174657c693a313631313538333635323b),
('4d8a333da30a716661e8fc4bae18edfa97032569', '66.96.232.249', 1611584197, 0x5f5f63695f6c6173745f726567656e65726174657c693a313631313538343139373b69647c733a313a2231223b6c6f67696e5f7374617475737c733a373a2273756363657373223b6c6576656c7c733a313a2231223b),
('c1a38b65c413ac3ff3242c60e301fdc52fa42f5a', '66.96.232.249', 1611584607, 0x5f5f63695f6c6173745f726567656e65726174657c693a313631313538343630373b69647c733a313a2231223b6c6f67696e5f7374617475737c733a373a2273756363657373223b6c6576656c7c733a313a2231223b),
('181c47d231344e08c9f07379a27bcc9c4e466f67', '36.70.145.228', 1611584346, 0x5f5f63695f6c6173745f726567656e65726174657c693a313631313538343334363b),
('41ab0ecaec6897c2759f37ffd6a7defd5a32e3e4', '36.79.125.189', 1611584347, 0x5f5f63695f6c6173745f726567656e65726174657c693a313631313538343334373b6f7267616e69736173697c733a313a2232223b6b657475615f6e696d7c733a31303a2230313130323139303134223b6b657475615f6e616d617c733a31323a224b68616972756c2068756461223b6b657475615f656d61696c7c733a31383a226b68726c6864613140676d61696c2e636f6d223b6b657475615f6e6f5f74656c707c733a31323a22303837383736313131393534223b77616b696c5f6e696d7c733a303a22223b77616b696c5f6e616d617c733a303a22223b77616b696c5f656d61696c7c733a303a22223b77616b696c5f6e6f5f74656c707c733a303a22223b70617373776f72647c693a3137373737353530393b),
('5ada10b77fa7205f772de80986671761e930ed89', '180.243.124.63', 1611584347, 0x5f5f63695f6c6173745f726567656e65726174657c693a313631313538343334373b),
('955cf7b406ebb4c84887bf1f78ab23f509441fa2', '36.70.111.4', 1611584360, 0x5f5f63695f6c6173745f726567656e65726174657c693a313631313538343336303b),
('5b9ed7267627e1f07350a3429aaab8b60634b261', '114.124.197.78', 1611584370, 0x5f5f63695f6c6173745f726567656e65726174657c693a313631313538343337303b),
('0a8a975ebce653a0d51e9df57cc021ee5cf008cf', '36.71.19.173', 1611588505, 0x5f5f63695f6c6173745f726567656e65726174657c693a313631313538383530353b),
('e92983fa48f3b2d5361432a4b34f102b4e00c71c', '112.215.171.242', 1611584402, 0x5f5f63695f6c6173745f726567656e65726174657c693a313631313538343430323b),
('edc98b709bf7448d60ade5bfefbe9906a34bb424', '36.68.52.222', 1611584431, 0x5f5f63695f6c6173745f726567656e65726174657c693a313631313538343433313b),
('a4348345b7a76732d50289e585ef7f70ba19b38c', '103.82.14.127', 1611584431, 0x5f5f63695f6c6173745f726567656e65726174657c693a313631313538343433313b),
('7518a2142cd2f201c36dbd7a2a18f6092cdf08e8', '114.4.4.137', 1611584443, 0x5f5f63695f6c6173745f726567656e65726174657c693a313631313538343434333b),
('511e7c736b11bdc9cf46e0bf56095d3cb71ba41c', '66.96.232.249', 1611585310, 0x5f5f63695f6c6173745f726567656e65726174657c693a313631313538353331303b69647c733a313a2231223b6c6f67696e5f7374617475737c733a373a2273756363657373223b6c6576656c7c733a313a2231223b),
('94d948a4e655a3ec2113e2182b02656ddee87539', '66.96.232.249', 1611584878, 0x5f5f63695f6c6173745f726567656e65726174657c693a313631313538343836373b),
('e3074a76b1451ce972ff591c5f307b6acfe3dc17', '66.96.232.249', 1611585797, 0x5f5f63695f6c6173745f726567656e65726174657c693a313631313538353739373b69647c733a313a2231223b6c6f67696e5f7374617475737c733a373a2273756363657373223b6c6576656c7c733a313a2231223b),
('870ed55318769647bc2ba1f9f628272b6a12ab59', '66.96.232.249', 1611586457, 0x5f5f63695f6c6173745f726567656e65726174657c693a313631313538363435373b69647c733a313a2231223b6c6f67696e5f7374617475737c733a373a2273756363657373223b6c6576656c7c733a313a2231223b),
('d5b4f83d2c4ceceaf812e83b32b7e3830ad330df', '66.96.232.249', 1611589408, 0x5f5f63695f6c6173745f726567656e65726174657c693a313631313538393430383b69647c733a313a2231223b6c6f67696e5f7374617475737c733a373a2273756363657373223b6c6576656c7c733a313a2231223b),
('fa787324f4c85f3f26f284802557059bd35915ac', '36.71.19.173', 1611589580, 0x5f5f63695f6c6173745f726567656e65726174657c693a313631313538393538303b),
('d2882cc3b57037e25fbb5f9e9f5f352e1f9142af', '66.96.232.249', 1611595717, 0x5f5f63695f6c6173745f726567656e65726174657c693a313631313539353731373b69647c733a313a2231223b6c6f67696e5f7374617475737c733a373a2273756363657373223b6c6576656c7c733a313a2231223b),
('a41ae4bf908b847ba0d3619a5b9e3514c4511cd9', '36.71.19.173', 1611589580, 0x5f5f63695f6c6173745f726567656e65726174657c693a313631313538393538303b),
('fdcac281fcee826aff924912faf9f3309eacb72b', '180.243.124.63', 1611592373, 0x5f5f63695f6c6173745f726567656e65726174657c693a313631313539323337333b),
('ede68391b3ff73fd60374934b2288b4b00e096c5', '114.124.233.248', 1611596054, 0x5f5f63695f6c6173745f726567656e65726174657c693a313631313539363035343b),
('0d2ab10c88189e695879a2847e53059942b6f8da', '66.96.232.249', 1611596367, 0x5f5f63695f6c6173745f726567656e65726174657c693a313631313539363336373b),
('b9fc8580a8260e5bc069f09236af67f08858c88b', '66.96.232.249', 1611598375, 0x5f5f63695f6c6173745f726567656e65726174657c693a313631313539383337353b69647c733a343a2230313131223b6c6f67696e5f7374617475737c733a373a2273756363657373223b6c6576656c7c733a313a2231223b),
('336818c5c1c9fe4c9a2dfc149a18e583dd7b7cb9', '66.96.232.249', 1611598429, 0x5f5f63695f6c6173745f726567656e65726174657c693a313631313539383337353b69647c733a343a2230313131223b6c6f67696e5f7374617475737c733a373a2273756363657373223b6c6576656c7c733a313a2231223b),
('87327aa51f246a6b3e9b13ca7f6a5e622e5c485b', '66.96.232.249', 1611598443, 0x5f5f63695f6c6173745f726567656e65726174657c693a313631313539383434333b),
('e63f167439083e40e927c52925704ca36f6838e7', '13.59.125.107', 1611608465, 0x5f5f63695f6c6173745f726567656e65726174657c693a313631313630383436353b),
('7684fc7cd3b3ea4129b4eecd52f63a7d02d66d1b', '180.244.233.108', 1611611346, 0x5f5f63695f6c6173745f726567656e65726174657c693a313631313631313334363b),
('dd4a66d3a6c5a9a3b9a668cf112a29ec2b4ec8c1', '10.0.1.218', 1611612776, 0x5f5f63695f6c6173745f726567656e65726174657c693a313631313631323737363b),
('88053cfbb4663525b2d3dc0788c6ed8b4b4023c3', '36.79.125.189', 1611616400, 0x5f5f63695f6c6173745f726567656e65726174657c693a313631313631363135363b69647c733a343a2230313131223b6c6f67696e5f7374617475737c733a373a2273756363657373223b6c6576656c7c733a313a2231223b),
('e17d5c322dbc138a34460c89b7f66a31ec13b32d', '36.71.19.173', 1611624289, 0x5f5f63695f6c6173745f726567656e65726174657c693a313631313632343238393b),
('bcbcfec9016bfec3e1ef6482652dac3e5e217c91', '180.243.124.63', 1611620489, 0x5f5f63695f6c6173745f726567656e65726174657c693a313631313632303431363b),
('064a34fea695c8da73a68fa293f7b00b4274f8b8', '36.71.19.173', 1611624292, 0x5f5f63695f6c6173745f726567656e65726174657c693a313631313632343238393b),
('b6d0690328e9aaadab2a613d29c6bc787011547b', '36.70.111.4', 1611626932, 0x5f5f63695f6c6173745f726567656e65726174657c693a313631313632363933323b69647c733a343a2230313131223b6c6f67696e5f7374617475737c733a373a2273756363657373223b6c6576656c7c733a313a2231223b),
('6c04927deeb5c53bc0c53a62a59ffc87cde4ab7d', '36.79.125.189', 1611626197, 0x5f5f63695f6c6173745f726567656e65726174657c693a313631313632363139373b),
('42842d4ea04d4cb13c0382e59a9c09a14c27ea27', '116.206.8.55', 1611626227, 0x5f5f63695f6c6173745f726567656e65726174657c693a313631313632363232373b),
('68d48ccbc4371e4b106bcdba55deab6a6cf9ed04', '149.154.161.9', 1611626277, 0x5f5f63695f6c6173745f726567656e65726174657c693a313631313632363237373b),
('2d4198bbb70fb305d22bb547fd620e061d914db1', '116.206.8.55', 1611626497, 0x5f5f63695f6c6173745f726567656e65726174657c693a313631313632363439373b),
('2c68972590fad1844253f9bbe80a999f02acc3ba', '66.96.232.249', 1611626831, 0x5f5f63695f6c6173745f726567656e65726174657c693a313631313632363833313b),
('53888c4d79616ad0d7bfd6851e5c64cbf494cbaa', '116.206.8.55', 1611626907, 0x5f5f63695f6c6173745f726567656e65726174657c693a313631313632363930373b),
('4c9091b32f58e93fa16ec4306b39c58cf0a492cc', '36.70.111.4', 1611627437, 0x5f5f63695f6c6173745f726567656e65726174657c693a313631313632373433373b69647c733a343a2230313131223b6c6f67696e5f7374617475737c733a373a2273756363657373223b6c6576656c7c733a313a2231223b),
('103995e71feec119063385412e28c25251f9a204', '103.253.214.10', 1611627019, 0x5f5f63695f6c6173745f726567656e65726174657c693a313631313632373031393b),
('2b0cba580d8e034066f9593557f8ba5cfde85454', '36.79.125.189', 1611627062, 0x5f5f63695f6c6173745f726567656e65726174657c693a313631313632373036323b),
('af881723f82890ebe0b099c564bef909a2a7b5d0', '114.124.183.146', 1611627134, 0x5f5f63695f6c6173745f726567656e65726174657c693a313631313632373133343b),
('ff5a2ef312c4d13c127b41d5b30c705d99c6b9fb', '114.124.183.146', 1611627183, 0x5f5f63695f6c6173745f726567656e65726174657c693a313631313632373136343b),
('d8f395ed53d433aaa57c3d189a99cef725d47734', '149.154.161.3', 1611627273, 0x5f5f63695f6c6173745f726567656e65726174657c693a313631313632373237333b),
('c2efa99355dac3ee525f2c8ab0fdf9264f048c5f', '114.124.242.183', 1611630885, 0x5f5f63695f6c6173745f726567656e65726174657c693a313631313633303838353b),
('e1dc906932a3dbbbf3d782148097e41cb0f42078', '36.70.111.4', 1611627437, 0x5f5f63695f6c6173745f726567656e65726174657c693a313631313632373433373b),
('8c1da45aab312de53ce20d38ee1c3c4fa1fbdbb5', '182.0.208.80', 1611627767, 0x5f5f63695f6c6173745f726567656e65726174657c693a313631313632373736373b),
('f05020ddcdaee020416d0cf1354a7558dd269b77', '36.70.145.228', 1611627751, 0x5f5f63695f6c6173745f726567656e65726174657c693a313631313632373735313b),
('0693205865c53b55e37876cef182f3528ed40b7c', '182.0.232.192', 1611627767, 0x5f5f63695f6c6173745f726567656e65726174657c693a313631313632373736373b),
('c8c204532e75204840bdb71b337ee032d3ff27a2', '182.0.208.80', 1611627784, 0x5f5f63695f6c6173745f726567656e65726174657c693a313631313632373738343b),
('561236fb95f2651673abe146df336178258fcf5c', '54.201.135.77', 1611627965, 0x5f5f63695f6c6173745f726567656e65726174657c693a313631313632373936353b),
('479cd593ca07b7e8e87492913a916833f40e8e10', '140.213.0.130', 1611628080, 0x5f5f63695f6c6173745f726567656e65726174657c693a313631313632383036333b),
('a96a0fc9633efe98844cf283ecad5065e159b3cf', '112.215.151.128', 1611628965, 0x5f5f63695f6c6173745f726567656e65726174657c693a313631313632383931363b),
('41360915e07c3263ac9904b05e91a6ca9d3999dc', '182.253.251.3', 1611630889, 0x5f5f63695f6c6173745f726567656e65726174657c693a313631313633303838353b),
('f5b0b94f32dc9c8aeda25478ce62346cba411308', '66.96.232.249', 1611631665, 0x5f5f63695f6c6173745f726567656e65726174657c693a313631313633313636353b),
('d6465c321d04b997d5e936656b3c9fb84a7b7e10', '103.253.214.10', 1611631243, 0x5f5f63695f6c6173745f726567656e65726174657c693a313631313633313234333b),
('565075c2967e50d7424595d45d34cf8052317a15', '36.70.111.4', 1611631543, 0x5f5f63695f6c6173745f726567656e65726174657c693a313631313633313534333b),
('c4d213e6d20690232901db57510b4a531df07ee9', '66.96.232.249', 1611632242, 0x5f5f63695f6c6173745f726567656e65726174657c693a313631313633323234323b),
('c6692c46883bfd0c04e7c41ea64e2eb1c1ab9368', '66.96.232.249', 1611631730, 0x5f5f63695f6c6173745f726567656e65726174657c693a313631313633313733303b),
('ea655f98394a116f4cb6ee257a3fd5a78953e398', '66.96.232.249', 1611632791, 0x5f5f63695f6c6173745f726567656e65726174657c693a313631313633323739313b),
('a0b03566a3c17259a4d8f5e7a68e7d22808b7da3', '36.79.125.189', 1611633271, 0x5f5f63695f6c6173745f726567656e65726174657c693a313631313633333237313b69647c733a31303a2230313130323139303134223b6c6f67696e5f7374617475737c733a373a2273756363657373223b6c6576656c7c733a313a2233223b),
('c58483f446d726aa0ee53b8a6d4cc9371ecbb2be', '103.82.15.226', 1611632481, 0x5f5f63695f6c6173745f726567656e65726174657c693a313631313633323431353b),
('2771e90be664e3fc6f968bbd07088c43f002d15e', '66.96.232.249', 1611633263, 0x5f5f63695f6c6173745f726567656e65726174657c693a313631313633333236333b),
('793d194b4c83987a6920ab56318a95d8dbddae59', '66.96.232.249', 1611633568, 0x5f5f63695f6c6173745f726567656e65726174657c693a313631313633333536383b69647c733a31303a2230313130313230303031223b6c6f67696e5f7374617475737c733a373a2273756363657373223b6c6576656c7c733a313a2233223b),
('933ef5b6ad4d1d34a6dd57360e6442519bb6f386', '36.79.125.189', 1611633544, 0x5f5f63695f6c6173745f726567656e65726174657c693a313631313633333530353b69647c733a343a2230313131223b6c6f67696e5f7374617475737c733a373a2273756363657373223b6c6576656c7c733a313a2231223b),
('e8d940c8d389fa46009955ad9a406c42d9cac4e5', '66.96.232.249', 1611633737, 0x5f5f63695f6c6173745f726567656e65726174657c693a313631313633333536383b69647c733a31303a2230313130313230303031223b6c6f67696e5f7374617475737c733a373a2273756363657373223b6c6576656c7c733a313a2233223b);

-- --------------------------------------------------------

--
-- Table structure for table `voting`
--

CREATE TABLE `voting` (
  `id_voting` int(11) NOT NULL,
  `id` int(11) NOT NULL,
  `nim_kandidat` int(11) NOT NULL,
  `tanggal` date NOT NULL,
  `waktu` time NOT NULL,
  `ip` varchar(45) NOT NULL
) ENGINE=InnoDB DEFAULT CHARSET=latin1;

--
-- Indexes for dumped tables
--

--
-- Indexes for table `dokumen_dpm`
--
ALTER TABLE `dokumen_dpm`
  ADD PRIMARY KEY (`id_dokumen_dpm`);

--
-- Indexes for table `dokumen_presma`
--
ALTER TABLE `dokumen_presma`
  ADD PRIMARY KEY (`id_dokumen_presma`);

--
-- Indexes for table `kandidat`
--
ALTER TABLE `kandidat`
  ADD PRIMARY KEY (`id_kandidat`);

--
-- Indexes for table `level`
--
ALTER TABLE `level`
  ADD PRIMARY KEY (`id_level`);

--
-- Indexes for table `organisasi`
--
ALTER TABLE `organisasi`
  ADD PRIMARY KEY (`id_organisasi`);

--
-- Indexes for table `pemilih`
--
ALTER TABLE `pemilih`
  ADD PRIMARY KEY (`id`);

--
-- Indexes for table `voting`
--
ALTER TABLE `voting`
  ADD PRIMARY KEY (`id_voting`),
  ADD KEY `pemilih_id` (`id`);

--
-- AUTO_INCREMENT for dumped tables
--

--
-- AUTO_INCREMENT for table `dokumen_dpm`
--
ALTER TABLE `dokumen_dpm`
  MODIFY `id_dokumen_dpm` int(11) NOT NULL AUTO_INCREMENT, AUTO_INCREMENT=4;

--
-- AUTO_INCREMENT for table `dokumen_presma`
--
ALTER TABLE `dokumen_presma`
  MODIFY `id_dokumen_presma` int(11) NOT NULL AUTO_INCREMENT;

--
-- AUTO_INCREMENT for table `kandidat`
--
ALTER TABLE `kandidat`
  MODIFY `id_kandidat` int(11) NOT NULL AUTO_INCREMENT;

--
-- AUTO_INCREMENT for table `level`
--
ALTER TABLE `level`
  MODIFY `id_level` int(11) NOT NULL AUTO_INCREMENT, AUTO_INCREMENT=5;

--
-- AUTO_INCREMENT for table `organisasi`
--
ALTER TABLE `organisasi`
  MODIFY `id_organisasi` int(11) NOT NULL AUTO_INCREMENT, AUTO_INCREMENT=4;

--
-- AUTO_INCREMENT for table `pemilih`
--
ALTER TABLE `pemilih`
  MODIFY `id` int(11) NOT NULL AUTO_INCREMENT, AUTO_INCREMENT=817;

--
-- AUTO_INCREMENT for table `voting`
--
ALTER TABLE `voting`
  MODIFY `id_voting` int(11) NOT NULL AUTO_INCREMENT;

--
-- Constraints for dumped tables
--

--
-- Constraints for table `voting`
--
ALTER TABLE `voting`
  ADD CONSTRAINT `voting_ibfk_1` FOREIGN KEY (`id`) REFERENCES `pemilih` (`id`);
COMMIT;

/*!40101 SET CHARACTER_SET_CLIENT=@OLD_CHARACTER_SET_CLIENT */;
/*!40101 SET CHARACTER_SET_RESULTS=@OLD_CHARACTER_SET_RESULTS */;
/*!40101 SET COLLATION_CONNECTION=@OLD_COLLATION_CONNECTION */;
